Workbook
Name Database_Character_Date: 'Characters Database'!$M$6:$M$350
Name Database_Character_Class: 'Characters Database'!$F$6:$F$350
Name Database_Character_Stars: 'Characters Database'!$L$6:$L$350
Name Database_Character_Image_Link: 'Characters Database'!$I$6:$I$350
Name Database_Character_Type_Image: 'Characters Database'!$C$6:$C$350
Name Database_Character_Tags: 'Characters Database'!$G$6:$G$350
Name Database_Character_Type: 'Characters Database'!$B$6:$B$350
Name Database_Character_Type_Image_Link: 'Characters Database'!$J$6:$J$350
Name Database_Character_Name: 'Characters Database'!$E$6:$E$350
Name Database_Character_Image: 'Characters Database'!$D$6:$D$350
Name Database_Character_ID: 'Characters Database'!$A$6:$A$350

Sheet Characters Database
A1: 🌟If you have any suggestions to improve the sheet, please insert a comment in this cell with your idea.
A2: 📥Download Link
A3: OPBR Traits Database v.26.01.27
A4: OPBR Medals Database v.26.01.27
A5: ☕Support my work & keep OPBR sheets updated. Thanks💖
C6: {=IFERROR(IF(J6:J350 <> "", IMAGE(J6:J350), "-"), )} -> - | D6: {=IF(I6:I350 <> "",IMAGE(I6:I350), "-")} -> - | J6: =IFERROR(__xludf.DUMMYFUNCTION("IFERROR(ARRAYFORMULA(IFS( REGEXMATCH(B6:B350, ""^Red\nAttacker$"" ), ""https://i.postimg.cc/L6B2DCYf/Red-Attacker.png"", REGEXMATCH(B6:B350, ""^Red\nDefender$"" ), ""https://i.postimg.cc/P5XhRWY7/Red-Defender.png"", REGEXMATCH(B6:B350, ""^Red\"&"nRunner$"" ), ""https://i.postimg.cc/Hk6HDrtk/Red-Runner.png"", REGEXMATCH(B6:B350, ""^Blue\nAttacker$"" ), ""https://i.postimg.cc/1zRtDxvf/Blue-Attacker.png"", REGEXMATCH(B6:B350, ""^Blue\nDefender$"" ), ""https://i.postimg.cc/m2xg81dx"&"/Blue-Defender.png"", REGEXMATCH(B6:B350, ""^Blue\nRunner$"" ), ""https://i.postimg.cc/4NzNM4MY/Blue-Runner.png"", REGEXMATCH(B6:B350, ""^Green\nAttacker$"" ), ""https://i.postimg.cc/0NH8mz6B/Green-Attacker.png"", REGEXMATCH(B6:B350, ""^Green\"&"nDefender$"" ), ""https://i.postimg.cc/qRhpGpyM/Green-Defender.png"", REGEXMATCH(B6:B350, ""^Green\nRunner$"" ), ""https://i.postimg.cc/PxgT30Qb/Green-Runner.png"", REGEXMATCH(B6:B350, ""^Light\nAttacker$"" ), ""https://i.postimg.cc/NGXg9fQ"&"d/Light-Attacker.png"", REGEXMATCH(B6:B350, ""^Light\nDefender$"" ), ""https://i.postimg.cc/0j7xLZVT/Light-Defender.png"", REGEXMATCH(B6:B350, ""^Light\nRunner$"" ), ""https://i.postimg.cc/02q9pRQP/Light-Runner.png"", REGEXMATCH(B6:B350, ""^Dar"&"k\nAttacker$"" ), ""https://i.postimg.cc/QdmN84js/Dark-Attacker.png"", REGEXMATCH(B6:B350, ""^Dark\nDefender$"" ), ""https://i.postimg.cc/qv4MdVVj/Dark-Defender.png"", REGEXMATCH(B6:B350, ""^Dark\nRunner$"" ), ""https://i.postimg.cc/rppVK"&"1p4/Dark-Runner.png"", REGEXMATCH(B6:B350, ""Red\nDefender-"" ), ""https://i.postimg.cc/k4wqRxyN/Transforming-Class-Red-Defender.png"", REGEXMATCH(B6:B350, ""Blue\nAttacker-"" ), ""https://i.postimg.cc/J0nmNGTf/Transforming-Class-Blue-Attacke"&"r.png"", REGEXMATCH(B6:B350, ""Blue\nRunner-"" ), ""https://i.postimg.cc/bN48nY15/Transforming-Class-Blue-Runner.png"", REGEXMATCH(B6:B350, ""Green\nDefender-"" ), ""https://i.postimg.cc/vZ9ytRzZ/Transforming-Class-Green-Defender.png"", REGEXMA"&"TCH(B6:B350, ""Light\nAttacker-"" ), ""https://i.postimg.cc/0j0ZVpyR/Transforming-Class-Light-Attacker.png"", REGEXMATCH(B6:B350, ""Dark\nDefender-"" ), ""https://i.postimg.cc/MZPzWmHq/Transforming-Class-Dark-Defender.png"", REGEXMATCH(B6:B350, "&"""Dark\nRunner-"" ), ""https://i.postimg.cc/Kv1x433L/Transforming-Class-Dark-Runner.png"", REGEXMATCH(B6:B350, ""^Red-.*\nAttacker"" ), ""https://i.postimg.cc/KjHbJxwR/Transforming-Element-Red-Attacker.png"", REGEXMATCH(B6:B350, ""^Blue-.*\nAtt"&"acker""), ""https://i.postimg.cc/P52mhmnd/Transforming-Element-Blue-Attacker.png"", REGEXMATCH(B6:B350, ""^Green-.*\nAttacker""), ""https://i.postimg.cc/bJqqv61N/Transforming-Element-Green-Attacker.png"", REGEXMATCH(B6:B350, ""^Dark-.*\nAttacker""), ""h"&"ttps://i.postimg.cc/nLHLrFW9/Transforming-Element-Dark-Attacker.png"" )), )"),"") | K6: {=IF(B6:B350 <> "" , B6:B350, )} | L6: =IFERROR(__xludf.DUMMYFUNCTION("ARRAYFORMULA(IFERROR( IFS( REGEXMATCH(F6:F350,""2 Stars""),""2 Stars"", REGEXMATCH(F6:F350,""3 Stars""),""3 Stars"", REGEXMATCH(F6:F350,""4 Stars|Step Up|Bounty Festival|Extreme|Cola""),""4 Stars"" ), ))"),"") | M6: =IFERROR(__xludf.DUMMYFUNCTION("ARRAYFORMULA(IF(A6:A350 <> """", LOOKUP(ROW(H6:H350), FILTER(ROW(H6:H350), H6:H350<>""""), FILTER(H6:H350, H6:H350<>"""")), ))"),"")
A7: =A8+1 -> 343 | B7: Dark Defender | E7: Baroque Works / Officer Agent Mr. 5 | F7: Step Up | G7: Defender(s) Baroque Works Paramecia Power users The Grand Line | H7: 46063 | I7: https://i.postimg.cc/MZLRHkwV/343-Baroque-Works-Officer-Agent-Mr-3.png | J7: =IFERROR(__xludf.DUMMYFUNCTION("""COMPUTED_VALUE"""),"https://i.postimg.cc/qv4MdVVj/Dark-Defender.png") -> https://i.postimg.cc/qv4MdVVj/Dark-Defender.png | K7: Dark Defender | L7: =IFERROR(__xludf.DUMMYFUNCTION("""COMPUTED_VALUE"""),"4 Stars") -> 4 Stars | M7: =IFERROR(__xludf.DUMMYFUNCTION("""COMPUTED_VALUE"""),46063.0) -> 46063
A8: =A9+1 -> 342 | B8: Green Runner | E8: Baroque Works / Officer Agent Ms. Valentine | F8: Step Up | G8: Runner(s) Baroque Works Paramecia Power users The Grand Line | I8: https://i.postimg.cc/KcWLjXbt/342-Baroque-Works-Officer-Agent-Ms-Valentine.png | J8: =IFERROR(__xludf.DUMMYFUNCTION("""COMPUTED_VALUE"""),"https://i.postimg.cc/PxgT30Qb/Green-Runner.png") -> https://i.postimg.cc/PxgT30Qb/Green-Runner.png | K8: Green Runner | L8: =IFERROR(__xludf.DUMMYFUNCTION("""COMPUTED_VALUE"""),"4 Stars") -> 4 Stars | M8: =IFERROR(__xludf.DUMMYFUNCTION("""COMPUTED_VALUE"""),46063.0) -> 46063
A9: =A10+1 -> 341 | B9: Dark-Light Attacker | E9: The Four Emperors Marshall D. Teach | F9: Extreme | G9: Attacker(s) The Seven Warlords of the Sea / Former Warlords of the Sea Paramecia Logia Captain Power users New World Worst Generation Blackbeard Pirates | H9: 46049 | I9: https://i.postimg.cc/2ST14Lhy/341-The-Four-Emperors-Marshall-D-Teach.png | J9: =IFERROR(__xludf.DUMMYFUNCTION("""COMPUTED_VALUE"""),"https://i.postimg.cc/nLHLrFW9/Transforming-Element-Dark-Attacker.png") -> https://i.postimg.cc/nLHLrFW9/Transforming-Element-Dark-Attacker.png | K9: Dark-Light Attacker | L9: =IFERROR(__xludf.DUMMYFUNCTION("""COMPUTED_VALUE"""),"4 Stars") -> 4 Stars | M9: =IFERROR(__xludf.DUMMYFUNCTION("""COMPUTED_VALUE"""),46049.0) -> 46049
A10: =A11+1 -> 340 | B10: Light Attacker-Defender-Runner | E10: ASL Ace & Sabo & Luffy | F10: Bounty Festival | G10: Attacker(s) East Blue Paramecia Power users | H10: 46023 | I10: https://i.postimg.cc/Jz7CBYLG/340-ASL-Ace-Sabo-Luffy.png | J10: =IFERROR(__xludf.DUMMYFUNCTION("""COMPUTED_VALUE"""),"https://i.postimg.cc/0j0ZVpyR/Transforming-Class-Light-Attacker.png") -> https://i.postimg.cc/0j0ZVpyR/Transforming-Class-Light-Attacker.png | K10: Light Attacker-Defender-Runner | L10: =IFERROR(__xludf.DUMMYFUNCTION("""COMPUTED_VALUE"""),"4 Stars") -> 4 Stars | M10: =IFERROR(__xludf.DUMMYFUNCTION("""COMPUTED_VALUE"""),46023.0) -> 46023
A11: =A12+1 -> 339 | B11: Red Runner | E11: Winner Island Trafalgar Law | F11: Extreme | G11: Runner(s) The Seven Warlords of the Sea / Former Warlords of the Sea Paramecia Captain Power users New World Worst Generation | H11: 46009 | I11: https://i.postimg.cc/DZzPtPj6/339-Winner-Island-Trafalgar-Law.png | J11: =IFERROR(__xludf.DUMMYFUNCTION("""COMPUTED_VALUE"""),"https://i.postimg.cc/Hk6HDrtk/Red-Runner.png") -> https://i.postimg.cc/Hk6HDrtk/Red-Runner.png | K11: Red Runner | L11: =IFERROR(__xludf.DUMMYFUNCTION("""COMPUTED_VALUE"""),"4 Stars") -> 4 Stars | M11: =IFERROR(__xludf.DUMMYFUNCTION("""COMPUTED_VALUE"""),46009.0) -> 46009
A12: =A13+1 -> 338 | B12: Light Defender | E12: Winner Island Bepo | F12: Bounty Festival | G12: Defender(s) New World Minks | H12: 46000 | I12: https://i.postimg.cc/tC85ZhVM/338-Winner-Island-Bepo.png | J12: =IFERROR(__xludf.DUMMYFUNCTION("""COMPUTED_VALUE"""),"https://i.postimg.cc/0j7xLZVT/Light-Defender.png") -> https://i.postimg.cc/0j7xLZVT/Light-Defender.png | K12: Light Defender | L12: =IFERROR(__xludf.DUMMYFUNCTION("""COMPUTED_VALUE"""),"4 Stars") -> 4 Stars | M12: =IFERROR(__xludf.DUMMYFUNCTION("""COMPUTED_VALUE"""),46000.0) -> 46000
A13: =A14+1 -> 337 | B13: Green Runner | E13: Genius Scientist Vegapunk | F13: Bounty Festival | G13: Runner(s) Navy Paramecia Power users New World Long-Range Normal Attacks | H13: 45986 | I13: https://i.postimg.cc/XvHRZRhz/337-Genius-Scientist-Vegapunk.png | J13: =IFERROR(__xludf.DUMMYFUNCTION("""COMPUTED_VALUE"""),"https://i.postimg.cc/PxgT30Qb/Green-Runner.png") -> https://i.postimg.cc/PxgT30Qb/Green-Runner.png | K13: Green Runner | L13: =IFERROR(__xludf.DUMMYFUNCTION("""COMPUTED_VALUE"""),"4 Stars") -> 4 Stars | M13: =IFERROR(__xludf.DUMMYFUNCTION("""COMPUTED_VALUE"""),45986.0) -> 45986
A14: =A15+1 -> 336 | B14: Red Attacker | E14: Father and Daughter Kuma & Bonney | F14: Bounty Festival | G14: Attacker(s) The Seven Warlords of the Sea / Former Warlords of the Sea Revolutionary Army Paramecia Captain Power users New World Worst Generation Royalty / Former Royalty | I14: https://i.postimg.cc/5t7hHhGr/336-Father-and-Daughter-Kuma-Bonney.png | J14: =IFERROR(__xludf.DUMMYFUNCTION("""COMPUTED_VALUE"""),"https://i.postimg.cc/L6B2DCYf/Red-Attacker.png") -> https://i.postimg.cc/L6B2DCYf/Red-Attacker.png | K14: Red Attacker | L14: =IFERROR(__xludf.DUMMYFUNCTION("""COMPUTED_VALUE"""),"4 Stars") -> 4 Stars | M14: =IFERROR(__xludf.DUMMYFUNCTION("""COMPUTED_VALUE"""),45986.0) -> 45986
A15: =A16+1 -> 335 | B15: Dark Runner | E15: Egghead Jinbe | F15: Bounty Festival | G15: Runner(s) The Seven Warlords of the Sea / Former Warlords of the Sea Straw Hat Pirates Fish-Man New World | H15: 45959 | I15: https://i.postimg.cc/sxMBVywR/335-Egghead-Jimbie.png | J15: =IFERROR(__xludf.DUMMYFUNCTION("""COMPUTED_VALUE"""),"https://i.postimg.cc/rppVK1p4/Dark-Runner.png") -> https://i.postimg.cc/rppVK1p4/Dark-Runner.png | K15: Dark Runner | L15: =IFERROR(__xludf.DUMMYFUNCTION("""COMPUTED_VALUE"""),"4 Stars") -> 4 Stars | M15: =IFERROR(__xludf.DUMMYFUNCTION("""COMPUTED_VALUE"""),45959.0) -> 45959
A16: =A17+1 -> 334 | B16: Dark Attacker | E16: Egghead Franky | F16: Bounty Festival | G16: Attacker(s) Straw Hat Pirates New World | I16: https://i.postimg.cc/Gt4Bcrqw/334-Egghead-Franky.png | J16: =IFERROR(__xludf.DUMMYFUNCTION("""COMPUTED_VALUE"""),"https://i.postimg.cc/QdmN84js/Dark-Attacker.png") -> https://i.postimg.cc/QdmN84js/Dark-Attacker.png | K16: Dark Attacker | L16: =IFERROR(__xludf.DUMMYFUNCTION("""COMPUTED_VALUE"""),"4 Stars") -> 4 Stars | M16: =IFERROR(__xludf.DUMMYFUNCTION("""COMPUTED_VALUE"""),45959.0) -> 45959
A17: =A18+1 -> 333 | B17: Dark Defender-Runner | E17: The Five Elders St. Jaygarcia Saturn | F17: Extreme | G17: Defender(s) New World Celestial Dragons / Former Celestial Dragons | H17: 45946 | I17: https://i.postimg.cc/28691fqR/333-The-Five-Elders-St-Jaygarcia-Saturn.png | J17: =IFERROR(__xludf.DUMMYFUNCTION("""COMPUTED_VALUE"""),"https://i.postimg.cc/MZPzWmHq/Transforming-Class-Dark-Defender.png") -> https://i.postimg.cc/MZPzWmHq/Transforming-Class-Dark-Defender.png | K17: Dark Defender-Runner | L17: =IFERROR(__xludf.DUMMYFUNCTION("""COMPUTED_VALUE"""),"4 Stars") -> 4 Stars | M17: =IFERROR(__xludf.DUMMYFUNCTION("""COMPUTED_VALUE"""),45946.0) -> 45946
A18: =A19+1 -> 332 | B18: Light Defender | E18: Egghead Nico Robin | F18: Bounty Festival | G18: Defender(s) Straw Hat Pirates Paramecia Power users New World | H18: 45929 | I18: https://i.postimg.cc/nLqZkVQz/332-Egghead-Nico-Robin.png | J18: =IFERROR(__xludf.DUMMYFUNCTION("""COMPUTED_VALUE"""),"https://i.postimg.cc/0j7xLZVT/Light-Defender.png") -> https://i.postimg.cc/0j7xLZVT/Light-Defender.png | K18: Light Defender | L18: =IFERROR(__xludf.DUMMYFUNCTION("""COMPUTED_VALUE"""),"4 Stars") -> 4 Stars | M18: =IFERROR(__xludf.DUMMYFUNCTION("""COMPUTED_VALUE"""),45929.0) -> 45929
A19: =A20+1 -> 331 | B19: Light Attacker-Defender | E19: Egghead Tony Tony Chopper | F19: Bounty Festival | G19: Attacker(s) Straw Hat Pirates Zoan Power users New World | I19: https://i.postimg.cc/fLZsg4xb/331-Egghead-Tony-Tony-Chopper.png | J19: =IFERROR(__xludf.DUMMYFUNCTION("""COMPUTED_VALUE"""),"https://i.postimg.cc/0j0ZVpyR/Transforming-Class-Light-Attacker.png") -> https://i.postimg.cc/0j0ZVpyR/Transforming-Class-Light-Attacker.png | K19: Light Attacker-Defender | L19: =IFERROR(__xludf.DUMMYFUNCTION("""COMPUTED_VALUE"""),"4 Stars") -> 4 Stars | M19: =IFERROR(__xludf.DUMMYFUNCTION("""COMPUTED_VALUE"""),45929.0) -> 45929
A20: =A21+1 -> 330 | B20: Blue-Red-Green Attacker | E20: Egghead Brook | F20: Bounty Festival | G20: Attacker(s) Straw Hat Pirates Paramecia Power users New World | H20: 45919 | I20: https://i.postimg.cc/L84ykwkF/330-Egghead-Brook.png | J20: =IFERROR(__xludf.DUMMYFUNCTION("""COMPUTED_VALUE"""),"https://i.postimg.cc/P52mhmnd/Transforming-Element-Blue-Attacker.png") -> https://i.postimg.cc/P52mhmnd/Transforming-Element-Blue-Attacker.png | K20: Blue-Red-Green Attacker | L20: =IFERROR(__xludf.DUMMYFUNCTION("""COMPUTED_VALUE"""),"4 Stars") -> 4 Stars | M20: =IFERROR(__xludf.DUMMYFUNCTION("""COMPUTED_VALUE"""),45919.0) -> 45919
A21: =A22+1 -> 329 | B21: Light Runner | E21: The Four Emperors Monkey D. Luffy | F21: Extreme | G21: Runner(s) Straw Hat Pirates Zoan Captain Power users New World Worst Generation | H21: 45897 | I21: https://i.postimg.cc/pVzdz7Qm/329-The-Four-Emperors-Monkey-D-Luffy.png | J21: =IFERROR(__xludf.DUMMYFUNCTION("""COMPUTED_VALUE"""),"https://i.postimg.cc/02q9pRQP/Light-Runner.png") -> https://i.postimg.cc/02q9pRQP/Light-Runner.png | K21: Light Runner | L21: =IFERROR(__xludf.DUMMYFUNCTION("""COMPUTED_VALUE"""),"4 Stars") -> 4 Stars | M21: =IFERROR(__xludf.DUMMYFUNCTION("""COMPUTED_VALUE"""),45897.0) -> 45897
A22: =A23+1 -> 328 | B22: Light Defender | E22: Egghead Usopp | F22: Bounty Festival | G22: Defender(s) Straw Hat Pirates New World Long-Range Normal Attacks | H22: 45876 | I22: https://i.postimg.cc/pV7FD1Sz/328-Egghead-Usopp.png | J22: =IFERROR(__xludf.DUMMYFUNCTION("""COMPUTED_VALUE"""),"https://i.postimg.cc/0j7xLZVT/Light-Defender.png") -> https://i.postimg.cc/0j7xLZVT/Light-Defender.png | K22: Light Defender | L22: =IFERROR(__xludf.DUMMYFUNCTION("""COMPUTED_VALUE"""),"4 Stars") -> 4 Stars | M22: =IFERROR(__xludf.DUMMYFUNCTION("""COMPUTED_VALUE"""),45876.0) -> 45876
A23: =A24+1 -> 327 | B23: Red Runner | E23: Egghead Nami | F23: Bounty Festival | G23: Runner(s) Straw Hat Pirates New World | I23: https://i.postimg.cc/50KFKP2c/327-Egghead-Nami.png | J23: =IFERROR(__xludf.DUMMYFUNCTION("""COMPUTED_VALUE"""),"https://i.postimg.cc/Hk6HDrtk/Red-Runner.png") -> https://i.postimg.cc/Hk6HDrtk/Red-Runner.png | K23: Red Runner | L23: =IFERROR(__xludf.DUMMYFUNCTION("""COMPUTED_VALUE"""),"4 Stars") -> 4 Stars | M23: =IFERROR(__xludf.DUMMYFUNCTION("""COMPUTED_VALUE"""),45876.0) -> 45876
A24: =A25+1 -> 326 | B24: Light Runner | E24: Blind Swordsman Fujitora [Issho] | F24: Bounty Festival | G24: Runner(s) Navy Paramecia Power users New World Navy Admiral / Former Navy Admiral | H24: 45834 | I24: https://i.postimg.cc/Kz0LqhWx/326-Blind-Swordsman-Fujitora-Issho.png | J24: =IFERROR(__xludf.DUMMYFUNCTION("""COMPUTED_VALUE"""),"https://i.postimg.cc/02q9pRQP/Light-Runner.png") -> https://i.postimg.cc/02q9pRQP/Light-Runner.png | K24: Light Runner | L24: =IFERROR(__xludf.DUMMYFUNCTION("""COMPUTED_VALUE"""),"4 Stars") -> 4 Stars | M24: =IFERROR(__xludf.DUMMYFUNCTION("""COMPUTED_VALUE"""),45834.0) -> 45834
A25: =A26+1 -> 325 | B25: Red Defender | E25: Groves of Wrath Ryokugyu [Aramaki] | F25: Bounty Festival | G25: Defender(s) Navy Logia Power users New World Navy Admiral / Former Navy Admiral | I25: https://i.postimg.cc/0jrShHgm/325-Groves-of-Wrath-Ryokugyu-Aramaki.png | J25: =IFERROR(__xludf.DUMMYFUNCTION("""COMPUTED_VALUE"""),"https://i.postimg.cc/P5XhRWY7/Red-Defender.png") -> https://i.postimg.cc/P5XhRWY7/Red-Defender.png | K25: Red Defender | L25: =IFERROR(__xludf.DUMMYFUNCTION("""COMPUTED_VALUE"""),"4 Stars") -> 4 Stars | M25: =IFERROR(__xludf.DUMMYFUNCTION("""COMPUTED_VALUE"""),45834.0) -> 45834
A26: =A27+1 -> 324 | B26: Red-Blue-Green Attacker | E26: Ama no Murakumo Sword Kizaru [Borsalino] | F26: Extreme | G26: Attacker(s) Navy Logia Power users New World Navy Admiral / Former Navy Admiral | H26: 45825 | I26: https://i.postimg.cc/HLKWkgdw/324-Ama-no-Murakumo-Sword-Kizaru-Borsalino.png | J26: =IFERROR(__xludf.DUMMYFUNCTION("""COMPUTED_VALUE"""),"https://i.postimg.cc/KjHbJxwR/Transforming-Element-Red-Attacker.png") -> https://i.postimg.cc/KjHbJxwR/Transforming-Element-Red-Attacker.png | K26: Red-Blue-Green Attacker | L26: =IFERROR(__xludf.DUMMYFUNCTION("""COMPUTED_VALUE"""),"4 Stars") -> 4 Stars | M26: =IFERROR(__xludf.DUMMYFUNCTION("""COMPUTED_VALUE"""),45825.0) -> 45825
A27: =A28+1 -> 323 | B27: Red Runner | E27: Davy Back Fight Sanji | F27: Bounty Festival | G27: Runner(S Straw Hat Pirates The Grand Line | H27: 45797 | I27: https://i.postimg.cc/023G8RPz/323-Davy-Back-Fight-Sanji.png | J27: =IFERROR(__xludf.DUMMYFUNCTION("""COMPUTED_VALUE"""),"https://i.postimg.cc/Hk6HDrtk/Red-Runner.png") -> https://i.postimg.cc/Hk6HDrtk/Red-Runner.png | K27: Red Runner | L27: =IFERROR(__xludf.DUMMYFUNCTION("""COMPUTED_VALUE"""),"4 Stars") -> 4 Stars | M27: =IFERROR(__xludf.DUMMYFUNCTION("""COMPUTED_VALUE"""),45797.0) -> 45797
A28: =A29+1 -> 322 | B28: Green Defender | E28: Foxy Pirates / Captain Foxy | F28: Bounty Festival | G28: Defender(s) Paramecia Captain Power users The Grand Line | H28: 45782 | I28: https://i.postimg.cc/KzBkWfHQ/322-Davy-Back-Fight-Foxy.png | J28: =IFERROR(__xludf.DUMMYFUNCTION("""COMPUTED_VALUE"""),"https://i.postimg.cc/qRhpGpyM/Green-Defender.png") -> https://i.postimg.cc/qRhpGpyM/Green-Defender.png | K28: Green Defender | L28: =IFERROR(__xludf.DUMMYFUNCTION("""COMPUTED_VALUE"""),"4 Stars") -> 4 Stars | M28: =IFERROR(__xludf.DUMMYFUNCTION("""COMPUTED_VALUE"""),45782.0) -> 45782
A29: =A30+1 -> 321 | B29: Red Attacker | E29: Davy Back Fight Monkey D. Luffy | F29: Bounty Festival | G29: Attacker(s) Straw Hat Pirates Paramecia Captain Power users The Grand Line | I29: https://i.postimg.cc/tJbZGP0b/321-Davy-Back-Fight-Monkey-D-Luffy.png | J29: =IFERROR(__xludf.DUMMYFUNCTION("""COMPUTED_VALUE"""),"https://i.postimg.cc/L6B2DCYf/Red-Attacker.png") -> https://i.postimg.cc/L6B2DCYf/Red-Attacker.png | K29: Red Attacker | L29: =IFERROR(__xludf.DUMMYFUNCTION("""COMPUTED_VALUE"""),"4 Stars") -> 4 Stars | M29: =IFERROR(__xludf.DUMMYFUNCTION("""COMPUTED_VALUE"""),45782.0) -> 45782
A30: =A31+1 -> 320 | B30: Light Attacker | E30: Happosui Army / 13th Chief Sai | F30: Bounty Festival | G30: Attacker(s) New World Straw Hat Fleet | H30: 45771 | I30: https://i.postimg.cc/L6zzngtT/320-Happosui-Army-13th-Chief-Sai.png | J30: =IFERROR(__xludf.DUMMYFUNCTION("""COMPUTED_VALUE"""),"https://i.postimg.cc/NGXg9fQd/Light-Attacker.png") -> https://i.postimg.cc/NGXg9fQd/Light-Attacker.png | K30: Light Attacker | L30: =IFERROR(__xludf.DUMMYFUNCTION("""COMPUTED_VALUE"""),"4 Stars") -> 4 Stars | M30: =IFERROR(__xludf.DUMMYFUNCTION("""COMPUTED_VALUE"""),45771.0) -> 45771
A31: =A32+1 -> 319 | B31: Red Defender | E31: Tontatta Pirates / Captain Leo | F31: Bounty Festival | G31: Defender(s) Paramecia Captain Power users New World Straw Hat Fleet | I31: https://i.postimg.cc/hPFLD1dv/319-Tontatta-Pirates-Captain-Leo.png | J31: =IFERROR(__xludf.DUMMYFUNCTION("""COMPUTED_VALUE"""),"https://i.postimg.cc/P5XhRWY7/Red-Defender.png") -> https://i.postimg.cc/P5XhRWY7/Red-Defender.png | K31: Red Defender | L31: =IFERROR(__xludf.DUMMYFUNCTION("""COMPUTED_VALUE"""),"4 Stars") -> 4 Stars | M31: =IFERROR(__xludf.DUMMYFUNCTION("""COMPUTED_VALUE"""),45771.0) -> 45771
A32: =A33+1 -> 318 | B32: Light Defender | E32: Celestial Dragon St. Charlos | F32: 2 Stars | G32: Defender(s) The Grand Line Long-Range Normal Attacks Celestial Dragons / Former Celestial Dragons | H32: 45748 | I32: https://i.postimg.cc/j567pxV1/318-Celestial-Dragon-St-Charlos.png | J32: =IFERROR(__xludf.DUMMYFUNCTION("""COMPUTED_VALUE"""),"https://i.postimg.cc/0j7xLZVT/Light-Defender.png") -> https://i.postimg.cc/0j7xLZVT/Light-Defender.png | K32: Light Defender | L32: =IFERROR(__xludf.DUMMYFUNCTION("""COMPUTED_VALUE"""),"2 Stars") -> 2 Stars | M32: =IFERROR(__xludf.DUMMYFUNCTION("""COMPUTED_VALUE"""),45748.0) -> 45748
A33: =A34+1 -> 317 | B33: Green Attacker | E33: Clear-Clear Fruit Shiryu | F33: Bounty Festival | G33: Attacker(s) Paramecia Power users New World Blackbeard Pirates | H33: 45743 | I33: https://i.postimg.cc/c1gdF4rC/317-Clear-Clear-Fruit-Shiryu-Skill.png | J33: =IFERROR(__xludf.DUMMYFUNCTION("""COMPUTED_VALUE"""),"https://i.postimg.cc/0NH8mz6B/Green-Attacker.png") -> https://i.postimg.cc/0NH8mz6B/Green-Attacker.png | K33: Green Attacker | L33: =IFERROR(__xludf.DUMMYFUNCTION("""COMPUTED_VALUE"""),"4 Stars") -> 4 Stars | M33: =IFERROR(__xludf.DUMMYFUNCTION("""COMPUTED_VALUE"""),45743.0) -> 45743
A34: =A35+1 -> 316 | B34: Red Defender | E34: Strong-Strong Fruit Jesus Burgess | F34: Bounty Festival | G34: Defender(s) Paramecia Power users New World Blackbeard Pirates | I34: https://i.postimg.cc/s1d6cJ1Y/316-Strong-Strong-Fruit-Jesus-Burgess-Skill.png | J34: =IFERROR(__xludf.DUMMYFUNCTION("""COMPUTED_VALUE"""),"https://i.postimg.cc/P5XhRWY7/Red-Defender.png") -> https://i.postimg.cc/P5XhRWY7/Red-Defender.png | K34: Red Defender | L34: =IFERROR(__xludf.DUMMYFUNCTION("""COMPUTED_VALUE"""),"4 Stars") -> 4 Stars | M34: =IFERROR(__xludf.DUMMYFUNCTION("""COMPUTED_VALUE"""),45743.0) -> 45743
A35: =A36+1 -> 315 | B35: Green Defender | E35: Germa 66 Vinsmoke Yonji | F35: Bounty Festival | G35: Defender(s) New World Germa 66 Royalty / Former Royalty | H35: 45719 | I35: https://i.postimg.cc/d3Wx2hQ1/315-Germa-66-Vinsmoke-Yonji.png | J35: =IFERROR(__xludf.DUMMYFUNCTION("""COMPUTED_VALUE"""),"https://i.postimg.cc/qRhpGpyM/Green-Defender.png") -> https://i.postimg.cc/qRhpGpyM/Green-Defender.png | K35: Green Defender | L35: =IFERROR(__xludf.DUMMYFUNCTION("""COMPUTED_VALUE"""),"4 Stars") -> 4 Stars | M35: =IFERROR(__xludf.DUMMYFUNCTION("""COMPUTED_VALUE"""),45719.0) -> 45719
A36: =A37+1 -> 314 | B36: Blue Runner | E36: Germa 66 Vinsmoke Neji | F36: Bounty Festival | G36: Defender(s) New World Germa 66 Royalty / Former Royalty | I36: https://i.postimg.cc/ncz5HGTQ/314-Germa-66-Vinsmoke-Neji.png | J36: =IFERROR(__xludf.DUMMYFUNCTION("""COMPUTED_VALUE"""),"https://i.postimg.cc/4NzNM4MY/Blue-Runner.png") -> https://i.postimg.cc/4NzNM4MY/Blue-Runner.png | K36: Blue Runner | L36: =IFERROR(__xludf.DUMMYFUNCTION("""COMPUTED_VALUE"""),"4 Stars") -> 4 Stars | M36: =IFERROR(__xludf.DUMMYFUNCTION("""COMPUTED_VALUE"""),45719.0) -> 45719
A37: =A38+1 -> 313 | B37: Red Attacker | E37: Germa 66 Vinsmoke Ichiji | F37: Bounty Festival | G37: Attacker(s) New World Germa 66 Royalty / Former Royalty | I37: https://i.postimg.cc/PfK9sRbj/313-Germa-66-Vinsmoke-Ichiji.png | J37: =IFERROR(__xludf.DUMMYFUNCTION("""COMPUTED_VALUE"""),"https://i.postimg.cc/L6B2DCYf/Red-Attacker.png") -> https://i.postimg.cc/L6B2DCYf/Red-Attacker.png | K37: Red Attacker | L37: =IFERROR(__xludf.DUMMYFUNCTION("""COMPUTED_VALUE"""),"4 Stars") -> 4 Stars | M37: =IFERROR(__xludf.DUMMYFUNCTION("""COMPUTED_VALUE"""),45719.0) -> 45719
A38: =A39+1 -> 312 | B38: Green Runner | E38: Flame Emperor Sabo | F38: Extreme | G38: Runner(s) Revolutionary Army Logia Power users New World | H38: 45699 | I38: https://i.postimg.cc/13TGnV64/312-Flame-Emperor-Sabo.png | J38: =IFERROR(__xludf.DUMMYFUNCTION("""COMPUTED_VALUE"""),"https://i.postimg.cc/PxgT30Qb/Green-Runner.png") -> https://i.postimg.cc/PxgT30Qb/Green-Runner.png | K38: Green Runner | L38: =IFERROR(__xludf.DUMMYFUNCTION("""COMPUTED_VALUE"""),"4 Stars") -> 4 Stars | M38: =IFERROR(__xludf.DUMMYFUNCTION("""COMPUTED_VALUE"""),45699.0) -> 45699
A39: =A40+1 -> 311 | B39: Dark Defender-Attacker | E39: Assistant Fish-Man Karate Master Koala | F39: Step Up | G39: Defender(s) Revolutionary Army New World | H39: 45692 | I39: https://i.postimg.cc/Bv7cNzNX/311-Assistant-Fish-Man-Karate-Master-Koala.png | J39: =IFERROR(__xludf.DUMMYFUNCTION("""COMPUTED_VALUE"""),"https://i.postimg.cc/MZPzWmHq/Transforming-Class-Dark-Defender.png") -> https://i.postimg.cc/MZPzWmHq/Transforming-Class-Dark-Defender.png | K39: Dark Defender-Attacker | L39: =IFERROR(__xludf.DUMMYFUNCTION("""COMPUTED_VALUE"""),"4 Stars") -> 4 Stars | M39: =IFERROR(__xludf.DUMMYFUNCTION("""COMPUTED_VALUE"""),45692.0) -> 45692
A40: =A41+1 -> 310 | B40: Green Defender-Attacker | E40: Blackbeard Pirates Kuzan | F40: Extreme | G40: Defender(s) Logia Power users New World Blackbeard Pirates Navy Admiral / Former Navy Admiral | H40: 45685 | I40: https://i.postimg.cc/zB7mxZRD/310-Blackbeard-Pirates-Kuzan.png | J40: =IFERROR(__xludf.DUMMYFUNCTION("""COMPUTED_VALUE"""),"https://i.postimg.cc/vZ9ytRzZ/Transforming-Class-Green-Defender.png") -> https://i.postimg.cc/vZ9ytRzZ/Transforming-Class-Green-Defender.png | K40: Green Defender-Attacker | L40: =IFERROR(__xludf.DUMMYFUNCTION("""COMPUTED_VALUE"""),"4 Stars") -> 4 Stars | M40: =IFERROR(__xludf.DUMMYFUNCTION("""COMPUTED_VALUE"""),45685.0) -> 45685
A41: =A42+1 -> 309 | B41: Dark Attacker | E41: Navy HQ / Captain Koby | F41: Bounty Festival | G41: Defender(s) Navy The Grand Line | H41: 45664 | I41: https://i.postimg.cc/FHf17Y4x/309-Navy-HQ-Captain-Koby.png | J41: =IFERROR(__xludf.DUMMYFUNCTION("""COMPUTED_VALUE"""),"https://i.postimg.cc/QdmN84js/Dark-Attacker.png") -> https://i.postimg.cc/QdmN84js/Dark-Attacker.png | K41: Dark Attacker | L41: =IFERROR(__xludf.DUMMYFUNCTION("""COMPUTED_VALUE"""),"4 Stars") -> 4 Stars | M41: =IFERROR(__xludf.DUMMYFUNCTION("""COMPUTED_VALUE"""),45664.0) -> 45664
A42: =A43+1 -> 308 | B42: Dark Attacker | E42: Legendary Hero Monkey D. Garp | F42: Extreme | G42: Attacker(s) Navy New World | H42: 45649 | I42: https://i.postimg.cc/283vfK7H/308-Legendary-Hero-Monkey-D-Garp.png | J42: =IFERROR(__xludf.DUMMYFUNCTION("""COMPUTED_VALUE"""),"https://i.postimg.cc/QdmN84js/Dark-Attacker.png") -> https://i.postimg.cc/QdmN84js/Dark-Attacker.png | K42: Dark Attacker | L42: =IFERROR(__xludf.DUMMYFUNCTION("""COMPUTED_VALUE"""),"4 Stars") -> 4 Stars | M42: =IFERROR(__xludf.DUMMYFUNCTION("""COMPUTED_VALUE"""),45649.0) -> 45649
A43: =A44+1 -> 307 | B43: Light Runner | E43: Navy HQ / Lt. Commander Helmeppo | F43: Step Up | G43: Runner(s) Navy New World | H43: 45636 | I43: https://i.postimg.cc/vBLzmK4B/307-Navy-HQ-Lt-Commander-Helmeppo.png | J43: =IFERROR(__xludf.DUMMYFUNCTION("""COMPUTED_VALUE"""),"https://i.postimg.cc/02q9pRQP/Light-Runner.png") -> https://i.postimg.cc/02q9pRQP/Light-Runner.png | K43: Light Runner | L43: =IFERROR(__xludf.DUMMYFUNCTION("""COMPUTED_VALUE"""),"4 Stars") -> 4 Stars | M43: =IFERROR(__xludf.DUMMYFUNCTION("""COMPUTED_VALUE"""),45636.0) -> 45636
A44: =A45+1 -> 306 | B44: Blue Defender | E44: Egghead Jewelry Bonney | F44: Step Up | G44: Defender(s) Paramecia Captain Power users New World Worst Generation Royalty / Former Royalty | H44: =DATE(2024,12,2) -> 45628 | I44: https://i.postimg.cc/LszxNssL/306-Egghead-Jewelry-Bonney.png | J44: =IFERROR(__xludf.DUMMYFUNCTION("""COMPUTED_VALUE"""),"https://i.postimg.cc/m2xg81dx/Blue-Defender.png") -> https://i.postimg.cc/m2xg81dx/Blue-Defender.png | K44: Blue Defender | L44: =IFERROR(__xludf.DUMMYFUNCTION("""COMPUTED_VALUE"""),"4 Stars") -> 4 Stars | M44: =IFERROR(__xludf.DUMMYFUNCTION("""COMPUTED_VALUE"""),45628.0) -> 45628
A45: =A46+1 -> 305 | B45: Blue Defender | E45: Egghead Sanji | F45: Bounty Festival | G45: Defender(s) Straw Hat Pirates New World Royalty / Former Royalty | H45: =DATE(2024,11,26) -> 45622 | I45: https://i.postimg.cc/d0zFgJmh/305-Egghead-Sanji.png | J45: =IFERROR(__xludf.DUMMYFUNCTION("""COMPUTED_VALUE"""),"https://i.postimg.cc/m2xg81dx/Blue-Defender.png") -> https://i.postimg.cc/m2xg81dx/Blue-Defender.png | K45: Blue Defender | L45: =IFERROR(__xludf.DUMMYFUNCTION("""COMPUTED_VALUE"""),"4 Stars") -> 4 Stars | M45: =IFERROR(__xludf.DUMMYFUNCTION("""COMPUTED_VALUE"""),45622.0) -> 45622
A46: =A47+1 -> 304 | B46: Green Runner | E46: Seraphim S-Shark | F46: Bounty Festival | G46: Runner(s) Navy Paramecia Power users New World | I46: https://i.postimg.cc/KYKF91LX/304-Seraphim-S-Shark.png | J46: =IFERROR(__xludf.DUMMYFUNCTION("""COMPUTED_VALUE"""),"https://i.postimg.cc/PxgT30Qb/Green-Runner.png") -> https://i.postimg.cc/PxgT30Qb/Green-Runner.png | K46: Green Runner | L46: =IFERROR(__xludf.DUMMYFUNCTION("""COMPUTED_VALUE"""),"4 Stars") -> 4 Stars | M46: =IFERROR(__xludf.DUMMYFUNCTION("""COMPUTED_VALUE"""),45622.0) -> 45622
A47: =A48+1 -> 303 | B47: Red Defender | E47: Punk-06 York | F47: Step Up | G47: Defender(s) Navy New World Long-Range Normal Attacks | H47: =DATE(2024,11,19) -> 45615 | I47: https://i.postimg.cc/j5sGsLmy/303-Punk-06-York.png | J47: =IFERROR(__xludf.DUMMYFUNCTION("""COMPUTED_VALUE"""),"https://i.postimg.cc/P5XhRWY7/Red-Defender.png") -> https://i.postimg.cc/P5XhRWY7/Red-Defender.png | K47: Red Defender | L47: =IFERROR(__xludf.DUMMYFUNCTION("""COMPUTED_VALUE"""),"4 Stars") -> 4 Stars | M47: =IFERROR(__xludf.DUMMYFUNCTION("""COMPUTED_VALUE"""),45615.0) -> 45615
A48: =A49+1 -> 302 | B48: Dark Attacker | E48: Punk-05 Atlas | F48: Step Up | G48: Attacker(s) Navy New World | H48: =DATE(2024,11,12) -> 45608 | I48: https://i.postimg.cc/02rKRFgm/302-Punk-05-Atlas.png | J48: =IFERROR(__xludf.DUMMYFUNCTION("""COMPUTED_VALUE"""),"https://i.postimg.cc/QdmN84js/Dark-Attacker.png") -> https://i.postimg.cc/QdmN84js/Dark-Attacker.png | K48: Dark Attacker | L48: =IFERROR(__xludf.DUMMYFUNCTION("""COMPUTED_VALUE"""),"4 Stars") -> 4 Stars | M48: =IFERROR(__xludf.DUMMYFUNCTION("""COMPUTED_VALUE"""),45608.0) -> 45608
A49: =A50+1 -> 301 | B49: Green Attacker | E49: Seraphim S-Bear | F49: Bounty Festival | G49: Attacker(s) Navy Paramecia Power users New World | H49: =DATE(2024,10,29) -> 45594 | I49: https://i.postimg.cc/FRMxyG5h/301.Seraphim_S-Bear.png | J49: =IFERROR(__xludf.DUMMYFUNCTION("""COMPUTED_VALUE"""),"https://i.postimg.cc/0NH8mz6B/Green-Attacker.png") -> https://i.postimg.cc/0NH8mz6B/Green-Attacker.png | K49: Green Attacker | L49: =IFERROR(__xludf.DUMMYFUNCTION("""COMPUTED_VALUE"""),"4 Stars") -> 4 Stars | M49: =IFERROR(__xludf.DUMMYFUNCTION("""COMPUTED_VALUE"""),45594.0) -> 45594
A50: =A51+1 -> 300 | B50: Green Defender | E50: Punk-02 Lilith | F50: Bounty Festival | G50: Defender(s) Navy New World Long-Range Normal Attacks | H50: =DATE(2024,10,15) -> 45580 | I50: https://i.postimg.cc/qv2FNnGJ/300.Punk-02_Lilith.png | J50: =IFERROR(__xludf.DUMMYFUNCTION("""COMPUTED_VALUE"""),"https://i.postimg.cc/qRhpGpyM/Green-Defender.png") -> https://i.postimg.cc/qRhpGpyM/Green-Defender.png | K50: Green Defender | L50: =IFERROR(__xludf.DUMMYFUNCTION("""COMPUTED_VALUE"""),"4 Stars") -> 4 Stars | M50: =IFERROR(__xludf.DUMMYFUNCTION("""COMPUTED_VALUE"""),45580.0) -> 45580
A51: =A52+1 -> 299 | B51: Dark Runner-Defender | E51: Happy Halloween Uta | F51: Limited Bounty Festival | G51: Runner(s) Paramecia Power users New World | H51: =DATE(2024,10,1) -> 45566 | I51: https://i.postimg.cc/3xn5qz9b/299-Happy-Halloween-Uta.png | J51: =IFERROR(__xludf.DUMMYFUNCTION("""COMPUTED_VALUE"""),"https://i.postimg.cc/Kv1x433L/Transforming-Class-Dark-Runner.png") -> https://i.postimg.cc/Kv1x433L/Transforming-Class-Dark-Runner.png | K51: Dark Runner-Defender | L51: =IFERROR(__xludf.DUMMYFUNCTION("""COMPUTED_VALUE"""),"4 Stars") -> 4 Stars | M51: =IFERROR(__xludf.DUMMYFUNCTION("""COMPUTED_VALUE"""),45566.0) -> 45566
A52: =A53+1 -> 298 | B52: Dark Defender | E52: The Red Broggy | F52: Bounty Festival | G52: Defender(s) Captain New World Giant Giant Pirate Crew | H52: =DATE(2024,9,26) -> 45561 | I52: https://i.postimg.cc/6QPsWRkr/298-The-Red-Broggy.png | J52: =IFERROR(__xludf.DUMMYFUNCTION("""COMPUTED_VALUE"""),"https://i.postimg.cc/qv4MdVVj/Dark-Defender.png") -> https://i.postimg.cc/qv4MdVVj/Dark-Defender.png | K52: Dark Defender | L52: =IFERROR(__xludf.DUMMYFUNCTION("""COMPUTED_VALUE"""),"4 Stars") -> 4 Stars | M52: =IFERROR(__xludf.DUMMYFUNCTION("""COMPUTED_VALUE"""),45561.0) -> 45561
A53: =A54+1 -> 297 | B53: Dark Attacker | E53: The Blue Dorry | F53: Bounty Festival | G53: Attacker(s) Straw Hat Pirates New World Worst Generation | I53: https://i.postimg.cc/s2xdCKNf/297-The-Blue-Dorry.png | J53: =IFERROR(__xludf.DUMMYFUNCTION("""COMPUTED_VALUE"""),"https://i.postimg.cc/QdmN84js/Dark-Attacker.png") -> https://i.postimg.cc/QdmN84js/Dark-Attacker.png | K53: Dark Attacker | L53: =IFERROR(__xludf.DUMMYFUNCTION("""COMPUTED_VALUE"""),"4 Stars") -> 4 Stars | M53: =IFERROR(__xludf.DUMMYFUNCTION("""COMPUTED_VALUE"""),45561.0) -> 45561
A54: =A55+1 -> 296 | B54: Light Runner | E54: Divine Departure Shanks | F54: Extreme | G54: Runner(s) Red-Haired Pirates Captain New World Roger Pirates / Ex-Roger Pirates | H54: =DATE(2024,8,21) -> 45525 | I54: https://i.postimg.cc/ryHDJR4K/296-Divine-Departure-Shanks.png | J54: =IFERROR(__xludf.DUMMYFUNCTION("""COMPUTED_VALUE"""),"https://i.postimg.cc/02q9pRQP/Light-Runner.png") -> https://i.postimg.cc/02q9pRQP/Light-Runner.png | K54: Light Runner | L54: =IFERROR(__xludf.DUMMYFUNCTION("""COMPUTED_VALUE"""),"4 Stars") -> 4 Stars | M54: =IFERROR(__xludf.DUMMYFUNCTION("""COMPUTED_VALUE"""),45525.0) -> 45525
A55: =A56+1 -> 295 | B55: Green Defender | E55: Vegapunk's Spy Stussy | F55: Bounty Festival | G55: Defender(s) New World | H55: =DATE(2024,8,13) -> 45517 | I55: https://i.postimg.cc/pdKbm7TM/295-Vegapunk-s-Spy-Stussy.png | J55: =IFERROR(__xludf.DUMMYFUNCTION("""COMPUTED_VALUE"""),"https://i.postimg.cc/qRhpGpyM/Green-Defender.png") -> https://i.postimg.cc/qRhpGpyM/Green-Defender.png | K55: Green Defender | L55: =IFERROR(__xludf.DUMMYFUNCTION("""COMPUTED_VALUE"""),"4 Stars") -> 4 Stars | M55: =IFERROR(__xludf.DUMMYFUNCTION("""COMPUTED_VALUE"""),45517.0) -> 45517
A56: =A57+1 -> 294 | B56: Light Defender | E56: Awakened Form Kaku | F56: Bounty Festival | G56: Defender(s) Cipher Pol Zoan Power users New World | H56: =DATE(2024,7,30) -> 45503 | I56: https://i.postimg.cc/jd2ZcRj0/294-Awakened-Form-Kaku.png | J56: =IFERROR(__xludf.DUMMYFUNCTION("""COMPUTED_VALUE"""),"https://i.postimg.cc/0j7xLZVT/Light-Defender.png") -> https://i.postimg.cc/0j7xLZVT/Light-Defender.png | K56: Light Defender | L56: =IFERROR(__xludf.DUMMYFUNCTION("""COMPUTED_VALUE"""),"4 Stars") -> 4 Stars | M56: =IFERROR(__xludf.DUMMYFUNCTION("""COMPUTED_VALUE"""),45503.0) -> 45503
A57: =A58+1 -> 293 | B57: Blue Runner-Attacker | E57: Awakened Form Rob Lucci | F57: Extreme | G57: Runner(s) Cipher Pol Zoan Power users New World | I57: https://i.postimg.cc/7YRXQjCC/293-Awakened-Form-Rob-Lucci.png | J57: =IFERROR(__xludf.DUMMYFUNCTION("""COMPUTED_VALUE"""),"https://i.postimg.cc/bN48nY15/Transforming-Class-Blue-Runner.png") -> https://i.postimg.cc/bN48nY15/Transforming-Class-Blue-Runner.png | K57: Blue Runner-Attacker | L57: =IFERROR(__xludf.DUMMYFUNCTION("""COMPUTED_VALUE"""),"4 Stars") -> 4 Stars | M57: =IFERROR(__xludf.DUMMYFUNCTION("""COMPUTED_VALUE"""),45503.0) -> 45503
A58: =A59+1 -> 292 | B58: Green Attacker | E58: CP9 Jabra | F58: Bounty Festival | G58: Attacker(s) Cipher Pol Zoan Power users The Grand Line | H58: =DATE(2024,6,27) -> 45470 | I58: https://i.postimg.cc/3x519MTZ/292-CP9-Jabra.png | J58: =IFERROR(__xludf.DUMMYFUNCTION("""COMPUTED_VALUE"""),"https://i.postimg.cc/0NH8mz6B/Green-Attacker.png") -> https://i.postimg.cc/0NH8mz6B/Green-Attacker.png | K58: Green Attacker | L58: =IFERROR(__xludf.DUMMYFUNCTION("""COMPUTED_VALUE"""),"4 Stars") -> 4 Stars | M58: =IFERROR(__xludf.DUMMYFUNCTION("""COMPUTED_VALUE"""),45470.0) -> 45470
A59: =A60+1 -> 291 | B59: Blue Runner | E59: CP9 Blueno | F59: Bounty Festival | G59: Runner(s) Cipher Pol Paramecia Power users The Grand Line Long-Range Normal Attacks | I59: https://i.postimg.cc/tCVDhqLT/291-CP9-Blueno.png | J59: =IFERROR(__xludf.DUMMYFUNCTION("""COMPUTED_VALUE"""),"https://i.postimg.cc/4NzNM4MY/Blue-Runner.png") -> https://i.postimg.cc/4NzNM4MY/Blue-Runner.png | K59: Blue Runner | L59: =IFERROR(__xludf.DUMMYFUNCTION("""COMPUTED_VALUE"""),"4 Stars") -> 4 Stars | M59: =IFERROR(__xludf.DUMMYFUNCTION("""COMPUTED_VALUE"""),45470.0) -> 45470
A60: =A61+1 -> 290 | B60: Red Attacker | E60: Seraphim S-Hawk | F60: Bounty Festival | G60: Attacker(s) Navy Paramecia Power users New World | H60: =DATE(2024,5,28) -> 45440 | I60: https://i.postimg.cc/BZ1THsk5/290-Seraphim-S-Hawk.png | J60: =IFERROR(__xludf.DUMMYFUNCTION("""COMPUTED_VALUE"""),"https://i.postimg.cc/L6B2DCYf/Red-Attacker.png") -> https://i.postimg.cc/L6B2DCYf/Red-Attacker.png | K60: Red Attacker | L60: =IFERROR(__xludf.DUMMYFUNCTION("""COMPUTED_VALUE"""),"4 Stars") -> 4 Stars | M60: =IFERROR(__xludf.DUMMYFUNCTION("""COMPUTED_VALUE"""),45440.0) -> 45440
A61: =A62+1 -> 289 | B61: Light Runner | E61: Egghead Roronoa Zoro | F61: Bounty Festival | G61: Runner(s) Straw Hat Pirates New World Worst Generation | I61: https://i.postimg.cc/WbLM7CcB/289-Egghead-Roronoa-Zoro.png | J61: =IFERROR(__xludf.DUMMYFUNCTION("""COMPUTED_VALUE"""),"https://i.postimg.cc/02q9pRQP/Light-Runner.png") -> https://i.postimg.cc/02q9pRQP/Light-Runner.png | K61: Light Runner | L61: =IFERROR(__xludf.DUMMYFUNCTION("""COMPUTED_VALUE"""),"4 Stars") -> 4 Stars | M61: =IFERROR(__xludf.DUMMYFUNCTION("""COMPUTED_VALUE"""),45440.0) -> 45440
A62: =A63+1 -> 288 | B62: Blue Defender | E62: Seraphim S-Snake | F62: Extreme | G62: Defender(s) Navy Paramecia Power users New World | H62: =DATE(2024,5,21) -> 45433 | I62: https://i.postimg.cc/rsDwWZsY/287-Seraphim-S-Snake.png | J62: =IFERROR(__xludf.DUMMYFUNCTION("""COMPUTED_VALUE"""),"https://i.postimg.cc/m2xg81dx/Blue-Defender.png") -> https://i.postimg.cc/m2xg81dx/Blue-Defender.png | K62: Blue Defender | L62: =IFERROR(__xludf.DUMMYFUNCTION("""COMPUTED_VALUE"""),"4 Stars") -> 4 Stars | M62: =IFERROR(__xludf.DUMMYFUNCTION("""COMPUTED_VALUE"""),45433.0) -> 45433
A63: =A64+1 -> 287 | B63: Red Runner | E63: Egghead Monkey D. Luffy | F63: Bounty Festival | G63: Runner(s) Straw Hat Pirates Zoan Captain Power users New World Worst Generation | H63: =DATE(2024,5,5) -> 45417 | I63: https://i.postimg.cc/44QSGYNk/287-Egghead-Monkey-D-Luffy.png | J63: =IFERROR(__xludf.DUMMYFUNCTION("""COMPUTED_VALUE"""),"https://i.postimg.cc/Hk6HDrtk/Red-Runner.png") -> https://i.postimg.cc/Hk6HDrtk/Red-Runner.png | K63: Red Runner | L63: =IFERROR(__xludf.DUMMYFUNCTION("""COMPUTED_VALUE"""),"4 Stars") -> 4 Stars | M63: =IFERROR(__xludf.DUMMYFUNCTION("""COMPUTED_VALUE"""),45417.0) -> 45417
A64: =A65+1 -> 286 | B64: Dark Attacker | E64: The Navy's Human Weapon Pacifista | F64: Bounty Festival | G64: Attacker(s) Navy New World | H64: =DATE(2024,4,23) -> 45405 | I64: https://i.postimg.cc/QCm4Jynx/286-The-Navy-s-Human-Weapon-Pacifista.png | J64: =IFERROR(__xludf.DUMMYFUNCTION("""COMPUTED_VALUE"""),"https://i.postimg.cc/QdmN84js/Dark-Attacker.png") -> https://i.postimg.cc/QdmN84js/Dark-Attacker.png | K64: Dark Attacker | L64: =IFERROR(__xludf.DUMMYFUNCTION("""COMPUTED_VALUE"""),"4 Stars") -> 4 Stars | M64: =IFERROR(__xludf.DUMMYFUNCTION("""COMPUTED_VALUE"""),45405.0) -> 45405
A65: =A66+1 -> 285 | B65: Red Defender | E65: The Most Defensive Man in the World Sentomaru | F65: Bounty Festival | G65: Defender(s) Navy New World | I65: https://i.postimg.cc/dtQSVJL7/285-The-Most-Defensive-Man-in-the-World-Sentomaru.png | J65: =IFERROR(__xludf.DUMMYFUNCTION("""COMPUTED_VALUE"""),"https://i.postimg.cc/P5XhRWY7/Red-Defender.png") -> https://i.postimg.cc/P5XhRWY7/Red-Defender.png | K65: Red Defender | L65: =IFERROR(__xludf.DUMMYFUNCTION("""COMPUTED_VALUE"""),"4 Stars") -> 4 Stars | M65: =IFERROR(__xludf.DUMMYFUNCTION("""COMPUTED_VALUE"""),45405.0) -> 45405
A66: =A67+1 -> 284 | B66: Light Defender | E66: Fake Straw Hat Pirates / Captain Demaro Black | F66: Free 3 Stars | G66: Defender(s) Captain New World Long-Range Normal Attacks | H66: =DATE(2024,4,1) -> 45383 | I66: https://i.postimg.cc/Dz5gh9DB/284-Fake-Straw-Hat-Pirates-Captain-Demaro-Black.png | J66: =IFERROR(__xludf.DUMMYFUNCTION("""COMPUTED_VALUE"""),"https://i.postimg.cc/0j7xLZVT/Light-Defender.png") -> https://i.postimg.cc/0j7xLZVT/Light-Defender.png | K66: Light Defender | L66: =IFERROR(__xludf.DUMMYFUNCTION("""COMPUTED_VALUE"""),"3 Stars") -> 3 Stars | M66: =IFERROR(__xludf.DUMMYFUNCTION("""COMPUTED_VALUE"""),45383.0) -> 45383
A67: =A68+1 -> 283 | B67: Blue Defender | E67: Lvneel Kingdom / Exploration Ship Admiral Mont Blanc Noland | F67: Bounty Festival | G67: Defender(s) The Grand Line | H67: =DATE(2024,3,28) -> 45379 | I67: https://i.postimg.cc/HjG03dcs/283-Lvneel-Kingdom-Exploration-Ship-Admiral-Mont-Blanc-Noland.png | J67: =IFERROR(__xludf.DUMMYFUNCTION("""COMPUTED_VALUE"""),"https://i.postimg.cc/m2xg81dx/Blue-Defender.png") -> https://i.postimg.cc/m2xg81dx/Blue-Defender.png | K67: Blue Defender | L67: =IFERROR(__xludf.DUMMYFUNCTION("""COMPUTED_VALUE"""),"4 Stars") -> 4 Stars | M67: =IFERROR(__xludf.DUMMYFUNCTION("""COMPUTED_VALUE"""),45379.0) -> 45379
A68: =A69+1 -> 282 | B68: Blue Attacker | E68: The Great Warrior of Shandora Kalgara | F68: Bounty Festival | G68: Attacker(s) The Grand Line | I68: https://i.postimg.cc/QNFR6m9R/282-The-Great-Warrior-of-Shandora-Kalgara.png | J68: =IFERROR(__xludf.DUMMYFUNCTION("""COMPUTED_VALUE"""),"https://i.postimg.cc/1zRtDxvf/Blue-Attacker.png") -> https://i.postimg.cc/1zRtDxvf/Blue-Attacker.png | K68: Blue Attacker | L68: =IFERROR(__xludf.DUMMYFUNCTION("""COMPUTED_VALUE"""),"4 Stars") -> 4 Stars | M68: =IFERROR(__xludf.DUMMYFUNCTION("""COMPUTED_VALUE"""),45379.0) -> 45379
A69: =A70+1 -> 281 | B69: Dark Defender | E69: The Sky Knight Ganfor | F69: Step Up | G69: Defender(s) The Grand Line | H69: =DATE(2024,3,5) -> 45356 | I69: https://i.postimg.cc/pr0hgxYV/281-The-Sky-Knight-Ganfor.png | J69: =IFERROR(__xludf.DUMMYFUNCTION("""COMPUTED_VALUE"""),"https://i.postimg.cc/qv4MdVVj/Dark-Defender.png") -> https://i.postimg.cc/qv4MdVVj/Dark-Defender.png | K69: Dark Defender | L69: =IFERROR(__xludf.DUMMYFUNCTION("""COMPUTED_VALUE"""),"4 Stars") -> 4 Stars | M69: =IFERROR(__xludf.DUMMYFUNCTION("""COMPUTED_VALUE"""),45356.0) -> 45356
A70: =A71+1 -> 280 | B70: Dark Defender | E70: Ex-Roger Pirates / First Mate Silvers Rayleigh | F70: Bounty Festival | G70: Defender(s) New World Roger Pirates / Ex-Roger Pirates | H70: =DATE(2024,2,14) -> 45336 | I70: https://i.postimg.cc/L8rmzm0P/280-Ex-Roger-Pirates-First-Mate-Silvers-Rayleigh.png | J70: =IFERROR(__xludf.DUMMYFUNCTION("""COMPUTED_VALUE"""),"https://i.postimg.cc/qv4MdVVj/Dark-Defender.png") -> https://i.postimg.cc/qv4MdVVj/Dark-Defender.png | K70: Dark Defender | L70: =IFERROR(__xludf.DUMMYFUNCTION("""COMPUTED_VALUE"""),"4 Stars") -> 4 Stars | M70: =IFERROR(__xludf.DUMMYFUNCTION("""COMPUTED_VALUE"""),45336.0) -> 45336
A71: =A72+1 -> 279 | B71: Dark Runner | E71: Great Pirate Gol D. Roger | F71: Extreme | G71: Runner(s) Captain Roger Pirates / Ex-Roger Pirates | I71: https://i.postimg.cc/7L0w9jpW/279-Great-Pirate-Gol-D-Roger.png | J71: =IFERROR(__xludf.DUMMYFUNCTION("""COMPUTED_VALUE"""),"https://i.postimg.cc/rppVK1p4/Dark-Runner.png") -> https://i.postimg.cc/rppVK1p4/Dark-Runner.png | K71: Dark Runner | L71: =IFERROR(__xludf.DUMMYFUNCTION("""COMPUTED_VALUE"""),"4 Stars") -> 4 Stars | M71: =IFERROR(__xludf.DUMMYFUNCTION("""COMPUTED_VALUE"""),45336.0) -> 45336
A72: =A73+1 -> 278 | B72: Light Attacker | E72: Whole Cake Island Carrot | F72: Step Up | G72: Attacker(s) New World Minks | H72: =DATE(2024,2,7) -> 45329 | I72: https://i.postimg.cc/MHB3dMxV/278-Whole-Cake-Island-Carrot.png | J72: =IFERROR(__xludf.DUMMYFUNCTION("""COMPUTED_VALUE"""),"https://i.postimg.cc/NGXg9fQd/Light-Attacker.png") -> https://i.postimg.cc/NGXg9fQd/Light-Attacker.png | K72: Light Attacker | L72: =IFERROR(__xludf.DUMMYFUNCTION("""COMPUTED_VALUE"""),"4 Stars") -> 4 Stars | M72: =IFERROR(__xludf.DUMMYFUNCTION("""COMPUTED_VALUE"""),45329.0) -> 45329
A73: =A74+1 -> 277 | B73: Light Attacker | E73: Heir to the Shogun of Wano Kozuki Oden | F73: Bounty Festival | G73: Attacker(s) Whitebeard Pirates Kozuki Clan / Kozuki Clan Servant Roger Pirates / Ex-Roger Pirates | H73: =DATE(2024,1,31) -> 45322 | I73: https://i.postimg.cc/Df4N2Ds0/277-Heir-to-the-Shogun-of-Wano-Kozuki-Oden.png | J73: =IFERROR(__xludf.DUMMYFUNCTION("""COMPUTED_VALUE"""),"https://i.postimg.cc/NGXg9fQd/Light-Attacker.png") -> https://i.postimg.cc/NGXg9fQd/Light-Attacker.png | K73: Light Attacker | L73: =IFERROR(__xludf.DUMMYFUNCTION("""COMPUTED_VALUE"""),"4 Stars") -> 4 Stars | M73: =IFERROR(__xludf.DUMMYFUNCTION("""COMPUTED_VALUE"""),45322.0) -> 45322
A74: =A75+1 -> 276 | B74: Light Defender | E74: Great Pirate Edward Newgate | F74: Extreme | G74: Defender(s) Whitebeard Pirates Paramecia Captain Power users | H74: =DATE(2024,1,24) -> 45315 | I74: https://i.postimg.cc/HLLSFPdp/276-Great-Pirate-Edward-Newgate.png | J74: =IFERROR(__xludf.DUMMYFUNCTION("""COMPUTED_VALUE"""),"https://i.postimg.cc/0j7xLZVT/Light-Defender.png") -> https://i.postimg.cc/0j7xLZVT/Light-Defender.png | K74: Light Defender | L74: =IFERROR(__xludf.DUMMYFUNCTION("""COMPUTED_VALUE"""),"4 Stars") -> 4 Stars | M74: =IFERROR(__xludf.DUMMYFUNCTION("""COMPUTED_VALUE"""),45315.0) -> 45315
A75: =A76+1 -> 275 | B75: Red Attacker | E75: Fire Fist Ogre Princess Ace & Yamato | F75: Extreme | G75: Attacker(s) Zoan Logia Captain Power users New World | H75: =DATE(2024,1,1) -> 45292 | I75: https://i.postimg.cc/mr6d4Ng7/275-Fire-Fist-Ogre-Princess-Ace-Yamato.png | J75: =IFERROR(__xludf.DUMMYFUNCTION("""COMPUTED_VALUE"""),"https://i.postimg.cc/L6B2DCYf/Red-Attacker.png") -> https://i.postimg.cc/L6B2DCYf/Red-Attacker.png | K75: Red Attacker | L75: =IFERROR(__xludf.DUMMYFUNCTION("""COMPUTED_VALUE"""),"4 Stars") -> 4 Stars | M75: =IFERROR(__xludf.DUMMYFUNCTION("""COMPUTED_VALUE"""),45292.0) -> 45292
A76: =A77+1 -> 274 | B76: Red Defender | E76: Shogun of Wano Kozuki Momonosuke | F76: Bounty Festival | G76: Defender(s) Zoan Power users New World Kozuki Clan / Kozuki Clan Servant | H76: =DATE(2023,12,20) -> 45280 | I76: https://i.postimg.cc/FsjnSLTQ/274-Shogun-of-Wano-Kozuki-Momonosuke.png | J76: =IFERROR(__xludf.DUMMYFUNCTION("""COMPUTED_VALUE"""),"https://i.postimg.cc/P5XhRWY7/Red-Defender.png") -> https://i.postimg.cc/P5XhRWY7/Red-Defender.png | K76: Red Defender | L76: =IFERROR(__xludf.DUMMYFUNCTION("""COMPUTED_VALUE"""),"4 Stars") -> 4 Stars | M76: =IFERROR(__xludf.DUMMYFUNCTION("""COMPUTED_VALUE"""),45280.0) -> 45280
A77: =A78+1 -> 273 | B77: Green Runner | E77: Navy HQ / Admiral Ryokugyu [Aramaki] | F77: Bounty Festival | G77: Runner(s) Navy Logia Power users New World Navy Admiral / Former Navy Admiral | I77: https://i.postimg.cc/sgm66RF6/273-Navy-HQ-Admiral-Ryokugyu-Aramaki.png | J77: =IFERROR(__xludf.DUMMYFUNCTION("""COMPUTED_VALUE"""),"https://i.postimg.cc/PxgT30Qb/Green-Runner.png") -> https://i.postimg.cc/PxgT30Qb/Green-Runner.png | K77: Green Runner | L77: =IFERROR(__xludf.DUMMYFUNCTION("""COMPUTED_VALUE"""),"4 Stars") -> 4 Stars | M77: =IFERROR(__xludf.DUMMYFUNCTION("""COMPUTED_VALUE"""),45280.0) -> 45280
A78: =A79+1 -> 272 | B78: Blue Runner | E78: Land of Wano Otama & Komachiyo | F78: Step Up | G78: Runner(s) Paramecia Power users New World | H78: =DATE(2023,12,12) -> 45272 | I78: https://i.postimg.cc/52bKS2rQ/272-Land-of-Wano-Otama-Komachiyo.png | J78: =IFERROR(__xludf.DUMMYFUNCTION("""COMPUTED_VALUE"""),"https://i.postimg.cc/4NzNM4MY/Blue-Runner.png") -> https://i.postimg.cc/4NzNM4MY/Blue-Runner.png | K78: Blue Runner | L78: =IFERROR(__xludf.DUMMYFUNCTION("""COMPUTED_VALUE"""),"4 Stars") -> 4 Stars | M78: =IFERROR(__xludf.DUMMYFUNCTION("""COMPUTED_VALUE"""),45272.0) -> 45272
A79: =A80+1 -> 271 | B79: Red Runner | E79: Raid on Onigashima Franky | F79: Bounty Festival | G79: Runner(s) Straw Hat Pirates New World | H79: =DATE(2023,11,28) -> 45258 | I79: https://i.postimg.cc/SN0vjr7r/271-Raid-on-Onigashima-Franky.png | J79: =IFERROR(__xludf.DUMMYFUNCTION("""COMPUTED_VALUE"""),"https://i.postimg.cc/Hk6HDrtk/Red-Runner.png") -> https://i.postimg.cc/Hk6HDrtk/Red-Runner.png | K79: Red Runner | L79: =IFERROR(__xludf.DUMMYFUNCTION("""COMPUTED_VALUE"""),"4 Stars") -> 4 Stars | M79: =IFERROR(__xludf.DUMMYFUNCTION("""COMPUTED_VALUE"""),45258.0) -> 45258
A80: =A81+1 -> 270 | B80: Green Attacker | E80: Raid on Onigashima Tony Tony Chopper | F80: Bounty Festival | G80: Attacker(s) Straw Hat Pirates Zoan Power users New World | I80: https://i.postimg.cc/qRh1vhNS/270-Raid-on-Onigashima-Tony-Tony-Chopper.png | J80: =IFERROR(__xludf.DUMMYFUNCTION("""COMPUTED_VALUE"""),"https://i.postimg.cc/0NH8mz6B/Green-Attacker.png") -> https://i.postimg.cc/0NH8mz6B/Green-Attacker.png | K80: Green Attacker | L80: =IFERROR(__xludf.DUMMYFUNCTION("""COMPUTED_VALUE"""),"4 Stars") -> 4 Stars | M80: =IFERROR(__xludf.DUMMYFUNCTION("""COMPUTED_VALUE"""),45258.0) -> 45258
A81: =A82+1 -> 269 | B81: Green Defender | E81: Animal Kingdom Pirates / Tobi Roppo Black Maria | F81: Step Up | G81: Defender(s) Zoan Power users New World Animal Kingdom Pirates | H81: =DATE(2023,11,14) -> 45244 | I81: https://i.postimg.cc/13mMNYgp/269-Animal-Kingdom-Pirates-Tobi-Roppo-Black-Maria.png | J81: =IFERROR(__xludf.DUMMYFUNCTION("""COMPUTED_VALUE"""),"https://i.postimg.cc/qRhpGpyM/Green-Defender.png") -> https://i.postimg.cc/qRhpGpyM/Green-Defender.png | K81: Green Defender | L81: =IFERROR(__xludf.DUMMYFUNCTION("""COMPUTED_VALUE"""),"4 Stars") -> 4 Stars | M81: =IFERROR(__xludf.DUMMYFUNCTION("""COMPUTED_VALUE"""),45244.0) -> 45244
A82: =A83+1 -> 268 | B82: Red Defender | E82: Revolutionary Army / Captain of the Eastern Forces Belo Betty | F82: Bounty Festival | G82: Defender(s) Revolutionary Army Paramecia Power users New World | H82: =DATE(2023,10,26) -> 45225 | I82: https://i.postimg.cc/c4NFdJ0k/268-Revolutionary-Army-Captain-of-the-Eastern-Forces-Belo-Betty.png | J82: =IFERROR(__xludf.DUMMYFUNCTION("""COMPUTED_VALUE"""),"https://i.postimg.cc/P5XhRWY7/Red-Defender.png") -> https://i.postimg.cc/P5XhRWY7/Red-Defender.png | K82: Red Defender | L82: =IFERROR(__xludf.DUMMYFUNCTION("""COMPUTED_VALUE"""),"4 Stars") -> 4 Stars | M82: =IFERROR(__xludf.DUMMYFUNCTION("""COMPUTED_VALUE"""),45225.0) -> 45225
A83: =A84+1 -> 267 | B83: Green Runner | E83: Revolutionary Army / Captain of the Northern Forces Karasu | F83: Bounty Festival | G83: Runner(s) Revolutionary Army Power users New World Long-Range Normal Attacks | I83: https://i.postimg.cc/wTc0MdBq/267-Revolutionary-Army-Captain-of-the-Northern-Forces-Karasu.png | J83: =IFERROR(__xludf.DUMMYFUNCTION("""COMPUTED_VALUE"""),"https://i.postimg.cc/PxgT30Qb/Green-Runner.png") -> https://i.postimg.cc/PxgT30Qb/Green-Runner.png | K83: Green Runner | L83: =IFERROR(__xludf.DUMMYFUNCTION("""COMPUTED_VALUE"""),"4 Stars") -> 4 Stars | M83: =IFERROR(__xludf.DUMMYFUNCTION("""COMPUTED_VALUE"""),45225.0) -> 45225
A84: =A85+1 -> 266 | B84: Blue Defender | E84: Revolutionary Army / Officer Inazuma | F84: Step Up | G84: Defender(s) Revolutionary Army Paramecia Power users The Grand Line | H84: =DATE(2023,10,12) -> 45211 | I84: https://i.postimg.cc/jqf8Vf0J/266-Revolutionary-Army-Officer-Inazuma.png | J84: =IFERROR(__xludf.DUMMYFUNCTION("""COMPUTED_VALUE"""),"https://i.postimg.cc/m2xg81dx/Blue-Defender.png") -> https://i.postimg.cc/m2xg81dx/Blue-Defender.png | K84: Blue Defender | L84: =IFERROR(__xludf.DUMMYFUNCTION("""COMPUTED_VALUE"""),"4 Stars") -> 4 Stars | M84: =IFERROR(__xludf.DUMMYFUNCTION("""COMPUTED_VALUE"""),45211.0) -> 45211
A85: =A86+1 -> 265 | B85: Blue Attacker | E85: Revolutionary Army / Solider Hack | F85: Step Up | G85: Attacker(s) Revolutionary Army Fish-Man New World | H85: =DATE(2023,10,3) -> 45202 | I85: https://i.postimg.cc/Xq9x9Rcg/265-Revolutionary-Army-Solider-Hack.png | J85: =IFERROR(__xludf.DUMMYFUNCTION("""COMPUTED_VALUE"""),"https://i.postimg.cc/1zRtDxvf/Blue-Attacker.png") -> https://i.postimg.cc/1zRtDxvf/Blue-Attacker.png | K85: Blue Attacker | L85: =IFERROR(__xludf.DUMMYFUNCTION("""COMPUTED_VALUE"""),"4 Stars") -> 4 Stars | M85: =IFERROR(__xludf.DUMMYFUNCTION("""COMPUTED_VALUE"""),45202.0) -> 45202
A86: =A87+1 -> 264 | B86: Red Runner | E86: Cyborg Queen | F86: Bounty Festival | G86: Runner(s) Zoan Power users New World Animal Kingdom Pirates | H86: =DATE(2023,9,26) -> 45195 | I86: https://i.postimg.cc/qv1wcXnW/264-Cyborg-Queen.png | J86: =IFERROR(__xludf.DUMMYFUNCTION("""COMPUTED_VALUE"""),"https://i.postimg.cc/Hk6HDrtk/Red-Runner.png") -> https://i.postimg.cc/Hk6HDrtk/Red-Runner.png | K86: Red Runner | L86: =IFERROR(__xludf.DUMMYFUNCTION("""COMPUTED_VALUE"""),"4 Stars") -> 4 Stars | M86: =IFERROR(__xludf.DUMMYFUNCTION("""COMPUTED_VALUE"""),45195.0) -> 45195
A87: =A88+1 -> 263 | B87: Red Attacker | E87: Lunarian Alber | F87: Bounty Festival | G87: Attacker(s) Zoan Power users New World Animal Kingdom Pirates | I87: https://i.postimg.cc/43n5W7Qy/263-Lunarian-Alber.png | J87: =IFERROR(__xludf.DUMMYFUNCTION("""COMPUTED_VALUE"""),"https://i.postimg.cc/L6B2DCYf/Red-Attacker.png") -> https://i.postimg.cc/L6B2DCYf/Red-Attacker.png | K87: Red Attacker | L87: =IFERROR(__xludf.DUMMYFUNCTION("""COMPUTED_VALUE"""),"4 Stars") -> 4 Stars | M87: =IFERROR(__xludf.DUMMYFUNCTION("""COMPUTED_VALUE"""),45195.0) -> 45195
A88: =A89+1 -> 262 | B88: Green Runner | E88: Animal Kingdom Pirates / Tobi Roppo Sasaki | F88: Step Up | G88: Runner(s) Zoan Fish-Man Power users New World Animal Kingdom Pirates | H88: =DATE(2023,9,19) -> 45188 | I88: https://i.postimg.cc/s28JqjTc/262-Animal-Kingdom-Pirates-Tobi-Roppo-Sasaki.png | J88: =IFERROR(__xludf.DUMMYFUNCTION("""COMPUTED_VALUE"""),"https://i.postimg.cc/PxgT30Qb/Green-Runner.png") -> https://i.postimg.cc/PxgT30Qb/Green-Runner.png | K88: Green Runner | L88: =IFERROR(__xludf.DUMMYFUNCTION("""COMPUTED_VALUE"""),"4 Stars") -> 4 Stars | M88: =IFERROR(__xludf.DUMMYFUNCTION("""COMPUTED_VALUE"""),45188.0) -> 45188
A89: =A90+1 -> 261 | B89: Green-Red-Blue Attacker | E89: Raid on Onigashima Sanji | F89: Bounty Festival | G89: Attacker(s) Straw Hat Pirates New World Royalty / Former Royalty | H89: =DATE(2023,8,29) -> 45167 | I89: https://i.postimg.cc/qqHxBmV6/261-Raid-on-Onigashima-Sanji.png | J89: =IFERROR(__xludf.DUMMYFUNCTION("""COMPUTED_VALUE"""),"https://i.postimg.cc/bJqqv61N/Transforming-Element-Green-Attacker.png") -> https://i.postimg.cc/bJqqv61N/Transforming-Element-Green-Attacker.png | K89: Green-Red-Blue Attacker | L89: =IFERROR(__xludf.DUMMYFUNCTION("""COMPUTED_VALUE"""),"4 Stars") -> 4 Stars | M89: =IFERROR(__xludf.DUMMYFUNCTION("""COMPUTED_VALUE"""),45167.0) -> 45167
A90: =A91+1 -> 260 | B90: Green Defender-Attacker-Runner | E90: Gear Five Monkey D. Luffy | F90: Extreme | G90: Defender(s) Straw Hat Pirates Zoan Captain Power users New World Worst Generation | H90: =DATE(2023,8,23) -> 45161 | I90: https://i.postimg.cc/8cdB7hNK/260-Gear-Five-Monkey-D-Luffy.png | J90: =IFERROR(__xludf.DUMMYFUNCTION("""COMPUTED_VALUE"""),"https://i.postimg.cc/vZ9ytRzZ/Transforming-Class-Green-Defender.png") -> https://i.postimg.cc/vZ9ytRzZ/Transforming-Class-Green-Defender.png | K90: Green Defender-Attacker-Runner | L90: =IFERROR(__xludf.DUMMYFUNCTION("""COMPUTED_VALUE"""),"4 Stars") -> 4 Stars | M90: =IFERROR(__xludf.DUMMYFUNCTION("""COMPUTED_VALUE"""),45161.0) -> 45161
A91: =A92+1 -> 259 | B91: Blue Defender | E91: Singer of the New Genesis Uta | F91: Limited Bounty Festival | G91: Defender(s) Paramecia Power users New World | H91: =DATE(2023,8,6) -> 45144 | I91: https://i.postimg.cc/Kct5pyBP/259-Singer-of-the-New-Genesis-Uta.png | J91: =IFERROR(__xludf.DUMMYFUNCTION("""COMPUTED_VALUE"""),"https://i.postimg.cc/m2xg81dx/Blue-Defender.png") -> https://i.postimg.cc/m2xg81dx/Blue-Defender.png | K91: Blue Defender | L91: =IFERROR(__xludf.DUMMYFUNCTION("""COMPUTED_VALUE"""),"4 Stars") -> 4 Stars | M91: =IFERROR(__xludf.DUMMYFUNCTION("""COMPUTED_VALUE"""),45144.0) -> 45144
A92: =A93+1 -> 258 | B92: Blue Attacker | E92: Raid on Onigashima Killer | F92: Bounty Festival | G92: Attacker(s) New World Worst Generation | H92: =DATE(2023,7,26) -> 45133 | I92: https://i.postimg.cc/bNT98H6d/258-Raid-on-Onigashima-Killer.png | J92: =IFERROR(__xludf.DUMMYFUNCTION("""COMPUTED_VALUE"""),"https://i.postimg.cc/1zRtDxvf/Blue-Attacker.png") -> https://i.postimg.cc/1zRtDxvf/Blue-Attacker.png | K92: Blue Attacker | L92: =IFERROR(__xludf.DUMMYFUNCTION("""COMPUTED_VALUE"""),"4 Stars") -> 4 Stars | M92: =IFERROR(__xludf.DUMMYFUNCTION("""COMPUTED_VALUE"""),45133.0) -> 45133
A93: =A94+1 -> 257 | B93: Blue Runner | E93: Battle of Monsters on Onigashima Kid & Law | F93: Extreme | G93: Attacker(s) The Seven Warlords of the Sea / Former Warlords of the Sea Paramecia Captain Power users New World Worst Generation | I93: https://i.postimg.cc/nLs448nQ/257-Battle-of-Monsters-on-Onigashima-Kid-Law.png | J93: =IFERROR(__xludf.DUMMYFUNCTION("""COMPUTED_VALUE"""),"https://i.postimg.cc/4NzNM4MY/Blue-Runner.png") -> https://i.postimg.cc/4NzNM4MY/Blue-Runner.png | K93: Blue Runner | L93: =IFERROR(__xludf.DUMMYFUNCTION("""COMPUTED_VALUE"""),"4 Stars") -> 4 Stars | M93: =IFERROR(__xludf.DUMMYFUNCTION("""COMPUTED_VALUE"""),45133.0) -> 45133
A94: =A95+1 -> 256 | B94: Green Runner | E94: New Fish-Man Pirates / Captain Hody Jones | F94: Bounty Festival | G94: Runner(s) Captain Fish-Man New World | H94: =DATE(2023,6,29) -> 45106 | I94: https://i.postimg.cc/nc5wsVzq/256-New-Fish-Man-Pirates-Captain-Hody-Jones.png | J94: =IFERROR(__xludf.DUMMYFUNCTION("""COMPUTED_VALUE"""),"https://i.postimg.cc/PxgT30Qb/Green-Runner.png") -> https://i.postimg.cc/PxgT30Qb/Green-Runner.png | K94: Green Runner | L94: =IFERROR(__xludf.DUMMYFUNCTION("""COMPUTED_VALUE"""),"4 Stars") -> 4 Stars | M94: =IFERROR(__xludf.DUMMYFUNCTION("""COMPUTED_VALUE"""),45106.0) -> 45106
A95: =A96+1 -> 255 | B95: Green Defender | E95: Ryugu Kingdom / King Neptune | F95: Bounty Festival | G95: Defender(s) New World Royalty / Former Royalty | H95: =DATE(2023,6,29) -> 45106 | I95: https://i.postimg.cc/6pvbCs2g/255-Ryugu-Kingdom-King-Neptune.png | J95: =IFERROR(__xludf.DUMMYFUNCTION("""COMPUTED_VALUE"""),"https://i.postimg.cc/qRhpGpyM/Green-Defender.png") -> https://i.postimg.cc/qRhpGpyM/Green-Defender.png | K95: Green Defender | L95: =IFERROR(__xludf.DUMMYFUNCTION("""COMPUTED_VALUE"""),"4 Stars") -> 4 Stars | M95: =IFERROR(__xludf.DUMMYFUNCTION("""COMPUTED_VALUE"""),45106.0) -> 45106
A96: =A97+1 -> 254 | B96: Red Defender | E96: Caribou Pirates / Captain Caribou | F96: Step Up | G96: Defender(s) Logia Captain Power users New World | H96: =DATE(2023,6,22) -> 45099 | I96: https://i.postimg.cc/8zXdfkgS/254-Caribou-Pirates-Captain-Caribou.png | J96: =IFERROR(__xludf.DUMMYFUNCTION("""COMPUTED_VALUE"""),"https://i.postimg.cc/P5XhRWY7/Red-Defender.png") -> https://i.postimg.cc/P5XhRWY7/Red-Defender.png | K96: Red Defender | L96: =IFERROR(__xludf.DUMMYFUNCTION("""COMPUTED_VALUE"""),"4 Stars") -> 4 Stars | M96: =IFERROR(__xludf.DUMMYFUNCTION("""COMPUTED_VALUE"""),45099.0) -> 45099
A97: =A98+1 -> 253 | B97: Blue Attacker | E97: Flying Pirates / Captain Vander Decken IX | F97: Step Up | G97: Attacker(s) Paramecia Captain Fish-Man Power users New World | H97: =DATE(2023,6,13) -> 45090 | I97: https://i.postimg.cc/jSSQjw9c/253-Flying-Pirates-Captain-Vander-Decken-IX.png | J97: =IFERROR(__xludf.DUMMYFUNCTION("""COMPUTED_VALUE"""),"https://i.postimg.cc/1zRtDxvf/Blue-Attacker.png") -> https://i.postimg.cc/1zRtDxvf/Blue-Attacker.png | K97: Blue Attacker | L97: =IFERROR(__xludf.DUMMYFUNCTION("""COMPUTED_VALUE"""),"4 Stars") -> 4 Stars | M97: =IFERROR(__xludf.DUMMYFUNCTION("""COMPUTED_VALUE"""),45090.0) -> 45090
A98: =A99+1 -> 252 | B98: Blue Runner | E98: Raid on Onigashima Usopp | F98: Bounty Festival | G98: Runner(s) Straw Hat Pirates New World Long-Range Normal Attacks | H98: =DATE(2023,5,30) -> 45076 | I98: https://i.postimg.cc/tgLhDrgv/252-Raid-on-Onigashima-Usopp.png | J98: =IFERROR(__xludf.DUMMYFUNCTION("""COMPUTED_VALUE"""),"https://i.postimg.cc/4NzNM4MY/Blue-Runner.png") -> https://i.postimg.cc/4NzNM4MY/Blue-Runner.png | K98: Blue Runner | L98: =IFERROR(__xludf.DUMMYFUNCTION("""COMPUTED_VALUE"""),"4 Stars") -> 4 Stars | M98: =IFERROR(__xludf.DUMMYFUNCTION("""COMPUTED_VALUE"""),45076.0) -> 45076
A99: =A100+1 -> 251 | B99: Red Attacker | E99: Raid on Onigashima Nami | F99: Bounty Festival | G99: Attacker(s) Straw Hat Pirates New World | I99: https://i.postimg.cc/B6H2zxLS/251-Raid-on-Onigashima-Nami.png | J99: =IFERROR(__xludf.DUMMYFUNCTION("""COMPUTED_VALUE"""),"https://i.postimg.cc/L6B2DCYf/Red-Attacker.png") -> https://i.postimg.cc/L6B2DCYf/Red-Attacker.png | K99: Red Attacker | L99: =IFERROR(__xludf.DUMMYFUNCTION("""COMPUTED_VALUE"""),"4 Stars") -> 4 Stars | M99: =IFERROR(__xludf.DUMMYFUNCTION("""COMPUTED_VALUE"""),45076.0) -> 45076
A100: =A101+1 -> 250 | B100: Blue Attacker | E100: Okuchi-no-Makami Yamato | F100: Extreme | G100: Attacker(s) Zoan Power users New World | H100: =DATE(2023,5,17) -> 45063 | I100: https://i.postimg.cc/mk47WtCQ/250-Okuchi-no-Makami-Yamato.png | J100: =IFERROR(__xludf.DUMMYFUNCTION("""COMPUTED_VALUE"""),"https://i.postimg.cc/1zRtDxvf/Blue-Attacker.png") -> https://i.postimg.cc/1zRtDxvf/Blue-Attacker.png | K100: Blue Attacker | L100: =IFERROR(__xludf.DUMMYFUNCTION("""COMPUTED_VALUE"""),"4 Stars") -> 4 Stars | M100: =IFERROR(__xludf.DUMMYFUNCTION("""COMPUTED_VALUE"""),45063.0) -> 45063
...

Sheet Characters (ٍSorted) V.2
A2: 2 Stars | B2: =COUNTIF(4:4,"*") -> 20 | C2: {=IF(C4:EE4 <> "", IF(VLOOKUP(C4:EE4,'Characters Database'!$E$6:$I45, 5, False) = "", "-", IMAGE(VLOOKUP(C4:EE4,'Characters Database'!$E$6:$I45, 5, False))), )}
C3: {=IF(C4:EE4 <> "", IMAGE(VLOOKUP(C4:EE4,'Characters Database'!$E$6:$K45, 6, False)), )}
C4: =IFERROR(__xludf.DUMMYFUNCTION("TRANSPOSE(QUERY('Characters Database'!A$6:K45, ""Select E Where F = '"" & A2 & ""'""))"),"Celestial Dragon St. Charlos") -> Celestial Dragon St. Charlos | D4: =IFERROR(__xludf.DUMMYFUNCTION("""COMPUTED_VALUE"""),"Bounty Hunter Johnny") -> Bounty Hunter Johnny | E4: =IFERROR(__xludf.DUMMYFUNCTION("""COMPUTED_VALUE"""),"Bounty Hunter Yosaku") -> Bounty Hunter Yosaku | F4: =IFERROR(__xludf.DUMMYFUNCTION("""COMPUTED_VALUE"""),"Black Cat Pirates / Guard Butchie") -> Black Cat Pirates / Guard Butchie | G4: =IFERROR(__xludf.DUMMYFUNCTION("""COMPUTED_VALUE"""),"Black Cat Pirates / Captain Django") -> Black Cat Pirates / Captain Django | H4: =IFERROR(__xludf.DUMMYFUNCTION("""COMPUTED_VALUE"""),"Buggy Pirates / Chief of Staff Cabaji") -> Buggy Pirates / Chief of Staff Cabaji | I4: =IFERROR(__xludf.DUMMYFUNCTION("""COMPUTED_VALUE"""),"Navy Captain Morgan") -> Navy Captain Morgan | J4: =IFERROR(__xludf.DUMMYFUNCTION("""COMPUTED_VALUE"""),"The Idiot Son Helmeppo") -> The Idiot Son Helmeppo | K4: =IFERROR(__xludf.DUMMYFUNCTION("""COMPUTED_VALUE"""),"Alvida Pirates / Captain Alvida") -> Alvida Pirates / Captain Alvida | L4: =IFERROR(__xludf.DUMMYFUNCTION("""COMPUTED_VALUE"""),"Chore Boy Koby") -> Chore Boy Koby | M4: =IFERROR(__xludf.DUMMYFUNCTION("""COMPUTED_VALUE"""),"Mountain Bandits / Leader Higuma the Bear") -> Mountain Bandits / Leader Higuma the Bear | N4: =IFERROR(__xludf.DUMMYFUNCTION("""COMPUTED_VALUE"""),"Straw Hat Pirates / Musician Brook") -> Straw Hat Pirates / Musician Brook | O4: =IFERROR(__xludf.DUMMYFUNCTION("""COMPUTED_VALUE"""),"Straw Hat Pirates / Ship Carpenter Franky") -> Straw Hat Pirates / Ship Carpenter Franky | P4: =IFERROR(__xludf.DUMMYFUNCTION("""COMPUTED_VALUE"""),"Straw Hat Pirates / Archaeologist Nico Robin") -> Straw Hat Pirates / Archaeologist Nico Robin | Q4: =IFERROR(__xludf.DUMMYFUNCTION("""COMPUTED_VALUE"""),"Straw Hat Pirates / Doctor Tony Tony Chopper") -> Straw Hat Pirates / Doctor Tony Tony Chopper | R4: =IFERROR(__xludf.DUMMYFUNCTION("""COMPUTED_VALUE"""),"Straw Hat Pirates / Cook Sanji") -> Straw Hat Pirates / Cook Sanji | S4: =IFERROR(__xludf.DUMMYFUNCTION("""COMPUTED_VALUE"""),"Straw Hat Pirates / Sharp Shooter Usopp") -> Straw Hat Pirates / Sharp Shooter Usopp | T4: =IFERROR(__xludf.DUMMYFUNCTION("""COMPUTED_VALUE"""),"Straw Hat Pirates / Navigator Nami") -> Straw Hat Pirates / Navigator Nami | U4: =IFERROR(__xludf.DUMMYFUNCTION("""COMPUTED_VALUE"""),"Straw Hat Pirates / Combatant Roronoa Zoro") -> Straw Hat Pirates / Combatant Roronoa Zoro | V4: =IFERROR(__xludf.DUMMYFUNCTION("""COMPUTED_VALUE"""),"Straw Hat Pirates / Captain Monkey D. Luffy") -> Straw Hat Pirates / Captain Monkey D. Luffy
C5: {=IF(C4:EE4 <> "", VLOOKUP(C4:EE4,'Characters Database'!$E$6:$K45, 7, False), )} -> Light Defender | D5: Blue Runner | E5: Red Runner | F5: Blue Defender | G5: Red Defender | H5: Green Runner | I5: Blue Defender | J5: Green Runner | K5: Green Defender | L5: Red Defender | M5: Red Attacker | N5: Green Runner | O5: Red Defender | P5: Green Attacker | Q5: Red Runner | R5: Blue Attacker | S5: Blue Runner | T5: Green Runner | U5: Green Defender | V5: Red Attacker
A6: 3 Stars | B6: =COUNTIF(8:8,"*") -> 14 | C6: {=IF(C8:EE8 <> "", IF(VLOOKUP(C8:EE8,'Characters Database'!$E$6:$I45, 5, False) = "", "-", IMAGE(VLOOKUP(C8:EE8,'Characters Database'!$E$6:$I45, 5, False))), )}
C7: {=IF(C8:EE8 <> "", IMAGE(VLOOKUP(C8:EE8,'Characters Database'!$E$6:$K45, 6, False)), )}
C8: =IFERROR(__xludf.DUMMYFUNCTION("TRANSPOSE(QUERY('Characters Database'!A$6:K45, ""Select E Where F = '"" & A6 & ""'""))"),"Veau Vengeance Sanji") -> Veau Vengeance Sanji | D8: =IFERROR(__xludf.DUMMYFUNCTION("""COMPUTED_VALUE"""),"5t Hammer Usopp") -> 5t Hammer Usopp | E8: =IFERROR(__xludf.DUMMYFUNCTION("""COMPUTED_VALUE"""),"Climate Baton Nami") -> Climate Baton Nami | F8: =IFERROR(__xludf.DUMMYFUNCTION("""COMPUTED_VALUE"""),"Baroque Works / Frontier Agents Ms. Wednesday") -> Baroque Works / Frontier Agents Ms. Wednesday | G8: =IFERROR(__xludf.DUMMYFUNCTION("""COMPUTED_VALUE"""),"Slip-Slip Fruit Alvida") -> Slip-Slip Fruit Alvida | H8: =IFERROR(__xludf.DUMMYFUNCTION("""COMPUTED_VALUE"""),"Navy HQ / Master Chief Petty Officer Tashigi") -> Navy HQ / Master Chief Petty Officer Tashigi | I8: =IFERROR(__xludf.DUMMYFUNCTION("""COMPUTED_VALUE"""),"Arlong Pirates / Officer Choo") -> Arlong Pirates / Officer Choo | J8: =IFERROR(__xludf.DUMMYFUNCTION("""COMPUTED_VALUE"""),"Arlong Pirates / Officer Kuroobi") -> Arlong Pirates / Officer Kuroobi | K8: =IFERROR(__xludf.DUMMYFUNCTION("""COMPUTED_VALUE"""),"Arlong Pirates / Officer Hatchan") -> Arlong Pirates / Officer Hatchan | L8: =IFERROR(__xludf.DUMMYFUNCTION("""COMPUTED_VALUE"""),"Krieg`s Pirate Armada / Admiral Don Krieg") -> Krieg`s Pirate Armada / Admiral Don Krieg | M8: =IFERROR(__xludf.DUMMYFUNCTION("""COMPUTED_VALUE"""),"Krieg`s Pirate Armada / Battle Commander Gin") -> Krieg`s Pirate Armada / Battle Commander Gin | N8: =IFERROR(__xludf.DUMMYFUNCTION("""COMPUTED_VALUE"""),"Baratie / Head Chef Zeff") -> Baratie / Head Chef Zeff | O8: =IFERROR(__xludf.DUMMYFUNCTION("""COMPUTED_VALUE"""),"Black Cat Pirates / Former Captain Captain Kuro") -> Black Cat Pirates / Former Captain Captain Kuro | P8: =IFERROR(__xludf.DUMMYFUNCTION("""COMPUTED_VALUE"""),"Buggy Pirates / Captain Buggy") -> Buggy Pirates / Captain Buggy
C9: {=IF(C8:EE8 <> "", VLOOKUP(C8:EE8,'Characters Database'!$E$6:$K45, 7, False), )} -> Blue Defender | D9: Blue Attacker | E9: Green Attacker | F9: Blue Runner | G9: Green Runner | H9: Blue Runner | I9: Green Attacker | J9: Blue Defender | K9: Red Attacker | L9: Green Defender | M9: Red Attacker | N9: Red Defender | O9: Green Attacker | P9: Red Runner
A10: Free 3 Stars | B10: =COUNTIF(12:12,"*") -> 17 | C10: {=IF(C12:EE12 <> "", IF(VLOOKUP(C12:EE12,'Characters Database'!$E$6:$I45, 5, False) = "", "-", IMAGE(VLOOKUP(C12:EE12,'Characters Database'!$E$6:$I45, 5, False))), )}
C11: {=IF(C12:EE12 <> "", IMAGE(VLOOKUP(C12:EE12,'Characters Database'!$E$6:$K45, 7, False)), )}
C12: =IFERROR(__xludf.DUMMYFUNCTION("TRANSPOSE(QUERY('Characters Database'!A$6:K45, ""Select E Where F = '"" & A10 & ""'""))"),"Fake Straw Hat Pirates / Captain Demaro Black") -> Fake Straw Hat Pirates / Captain Demaro Black | D12: =IFERROR(__xludf.DUMMYFUNCTION("""COMPUTED_VALUE"""),"Disciple of the Martial Arts Kung Fu Jugon") -> Disciple of the Martial Arts Kung Fu Jugon | E12: =IFERROR(__xludf.DUMMYFUNCTION("""COMPUTED_VALUE"""),"Shandian Warrior Wyper") -> Shandian Warrior Wyper | F12: =IFERROR(__xludf.DUMMYFUNCTION("""COMPUTED_VALUE"""),"The Guardian of the Forest Gaimon") -> The Guardian of the Forest Gaimon | G12: =IFERROR(__xludf.DUMMYFUNCTION("""COMPUTED_VALUE"""),"Land of Wano Chopperemon") -> Land of Wano Chopperemon | H12: =IFERROR(__xludf.DUMMYFUNCTION("""COMPUTED_VALUE"""),"The Undefeated Woman Rebecca") -> The Undefeated Woman Rebecca | I12: =IFERROR(__xludf.DUMMYFUNCTION("""COMPUTED_VALUE"""),"Kid Pirates / Fighter Killer") -> Kid Pirates / Fighter Killer | J12: =IFERROR(__xludf.DUMMYFUNCTION("""COMPUTED_VALUE"""),"Grand Line Naval Base 5 / Captain Tashigi") -> Grand Line Naval Base 5 / Captain Tashigi | K12: =IFERROR(__xludf.DUMMYFUNCTION("""COMPUTED_VALUE"""),"Navy HQ / Vice Admiral Monkey D. Garb") -> Navy HQ / Vice Admiral Monkey D. Garb | L12: =IFERROR(__xludf.DUMMYFUNCTION("""COMPUTED_VALUE"""),"Happy Holiday Franky") -> Happy Holiday Franky | M12: =IFERROR(__xludf.DUMMYFUNCTION("""COMPUTED_VALUE"""),"Firetank Pirates / Godfather Capone Bege") -> Firetank Pirates / Godfather Capone Bege | N12: =IFERROR(__xludf.DUMMYFUNCTION("""COMPUTED_VALUE"""),"Legendary Samurai Zombie Ryuma") -> Legendary Samurai Zombie Ryuma | O12: =IFERROR(__xludf.DUMMYFUNCTION("""COMPUTED_VALUE"""),"Land of Wano Basil Hawkins") -> Land of Wano Basil Hawkins | P12: =IFERROR(__xludf.DUMMYFUNCTION("""COMPUTED_VALUE"""),"Bonney Pirates / Captain Jewelry Bonney") -> Bonney Pirates / Captain Jewelry Bonney | Q12: =IFERROR(__xludf.DUMMYFUNCTION("""COMPUTED_VALUE"""),"Alabasta / Princess Nefeltari Vivi") -> Alabasta / Princess Nefeltari Vivi | R12: =IFERROR(__xludf.DUMMYFUNCTION("""COMPUTED_VALUE"""),"Bellamy Pirates / Captain Bellamy") -> Bellamy Pirates / Captain Bellamy | S12: =IFERROR(__xludf.DUMMYFUNCTION("""COMPUTED_VALUE"""),"Obe-Sword Style Iai Lion Song Roronoa Zoro") -> Obe-Sword Style Iai Lion Song Roronoa Zoro
C13: {=IF(C12:EE12 <> "", VLOOKUP(C12:EE12,'Characters Database'!$E$6:$K45, 7, False), )} -> Light Defender | D13: Green-Red-Blue Attacker | E13: Red Runner | F13: Blue Defender | G13: Red Runner | H13: Green Defender | I13: Blue Runner | J13: Red Runner | K13: Green Defender | L13: Red Attacker | M13: Red Defender | N13: Green Attacker | O13: Blue Defender | P13: Green Runner | Q13: Red Runner | R13: Blue Defender | S13: Green Attacker
A14: Limited 3 Stars | B14: =COUNTIF(16:16,"*") -> 2 | C14: {=IF(C16:EE16 <> "", IF(VLOOKUP(C16:EE16,'Characters Database'!$E$6:$I45, 5, False) = "", "-", IMAGE(VLOOKUP(C16:EE16,'Characters Database'!$E$6:$I45, 5, False))), )}
C15: {=IF(C16:EE16 <> "", IMAGE(VLOOKUP(C16:EE16,'Characters Database'!$E$6:$K45, 6, False)), )}
C16: =IFERROR(__xludf.DUMMYFUNCTION("TRANSPOSE(QUERY('Characters Database'!A$6:K45, ""Select E Where F = '"" & A14 & ""'""))"),"FILM RED Monkey D. Luffy") -> FILM RED Monkey D. Luffy | D16: =IFERROR(__xludf.DUMMYFUNCTION("""COMPUTED_VALUE"""),"STAMPEDE Monkey D. Luffy") -> STAMPEDE Monkey D. Luffy
C17: {=IF(C16:EE16 <> "", VLOOKUP(C16:EE16,'Characters Database'!$E$6:$K45, 7, False), )} -> Red Attacker | D17: Blue Attacker
A18: Free 4 Stars | B18: =COUNTIF(20:20,"*") -> 3 | C18: {=IF(C20:EE20 <> "", IF(VLOOKUP(C20:EE20,'Characters Database'!$E$6:$I45, 5, False) = "", "-", IMAGE(VLOOKUP(C20:EE20,'Characters Database'!$E$6:$I45, 5, False))), )}
C19: {=IF(C20:EE20 <> "", IMAGE(VLOOKUP(C20:EE20,'Characters Database'!$E$6:$K45, 6, False)), )}
C20: =IFERROR(__xludf.DUMMYFUNCTION("TRANSPOSE(QUERY('Characters Database'!A$6:K45, ""Select E Where F = '"" & A18 & ""'""))"),"ODYSSEY Adio Suerte") -> ODYSSEY Adio Suerte | D20: =IFERROR(__xludf.DUMMYFUNCTION("""COMPUTED_VALUE"""),"The Parmount War Monkey D. Luffy") -> The Parmount War Monkey D. Luffy | E20: =IFERROR(__xludf.DUMMYFUNCTION("""COMPUTED_VALUE"""),"Red-Haired Pirates / Captain Shanks") -> Red-Haired Pirates / Captain Shanks
C21: {=IF(C20:EE20 <> "", VLOOKUP(C20:EE20,'Characters Database'!$E$6:$K45, 7, False), )} -> Blue Attacker | D21: Green Runner | E21: Red Defender
A22: Step Up | B22: =COUNTIF(24:24,"*") -> 105 | C22: {=IF(C24:EE24 <> "", IF(VLOOKUP(C24:EE24,'Characters Database'!$E$6:$I45, 5, False) = "", "-", IMAGE(VLOOKUP(C24:EE24,'Characters Database'!$E$6:$I45, 5, False))), )}
C23: {=IF(C24:EE24 <> "", IMAGE(VLOOKUP(C24:EE24,'Characters Database'!$E$6:$K45, 6, False)), )}
C24: =IFERROR(__xludf.DUMMYFUNCTION("TRANSPOSE(QUERY('Characters Database'!A$6:K45, ""Select E Where F = '"" & A22 & ""'""))"),"Baroque Works / Officer Agent Mr. 5") -> Baroque Works / Officer Agent Mr. 5 | D24: =IFERROR(__xludf.DUMMYFUNCTION("""COMPUTED_VALUE"""),"Baroque Works / Officer Agent Ms. Valentine") -> Baroque Works / Officer Agent Ms. Valentine | E24: =IFERROR(__xludf.DUMMYFUNCTION("""COMPUTED_VALUE"""),"Assistant Fish-Man Karate Master Koala") -> Assistant Fish-Man Karate Master Koala | F24: =IFERROR(__xludf.DUMMYFUNCTION("""COMPUTED_VALUE"""),"Navy HQ / Lt. Commander Helmeppo") -> Navy HQ / Lt. Commander Helmeppo | G24: =IFERROR(__xludf.DUMMYFUNCTION("""COMPUTED_VALUE"""),"Egghead Jewelry Bonney") -> Egghead Jewelry Bonney | H24: =IFERROR(__xludf.DUMMYFUNCTION("""COMPUTED_VALUE"""),"Punk-06 York") -> Punk-06 York | I24: =IFERROR(__xludf.DUMMYFUNCTION("""COMPUTED_VALUE"""),"Punk-05 Atlas") -> Punk-05 Atlas | J24: =IFERROR(__xludf.DUMMYFUNCTION("""COMPUTED_VALUE"""),"The Sky Knight Ganfor") -> The Sky Knight Ganfor | K24: =IFERROR(__xludf.DUMMYFUNCTION("""COMPUTED_VALUE"""),"Whole Cake Island Carrot") -> Whole Cake Island Carrot | L24: =IFERROR(__xludf.DUMMYFUNCTION("""COMPUTED_VALUE"""),"Land of Wano Otama & Komachiyo") -> Land of Wano Otama & Komachiyo | M24: =IFERROR(__xludf.DUMMYFUNCTION("""COMPUTED_VALUE"""),"Animal Kingdom Pirates / Tobi Roppo Black Maria") -> Animal Kingdom Pirates / Tobi Roppo Black Maria | N24: =IFERROR(__xludf.DUMMYFUNCTION("""COMPUTED_VALUE"""),"Revolutionary Army / Officer Inazuma") -> Revolutionary Army / Officer Inazuma | O24: =IFERROR(__xludf.DUMMYFUNCTION("""COMPUTED_VALUE"""),"Revolutionary Army / Solider Hack") -> Revolutionary Army / Solider Hack | P24: =IFERROR(__xludf.DUMMYFUNCTION("""COMPUTED_VALUE"""),"Animal Kingdom Pirates / Tobi Roppo Sasaki") -> Animal Kingdom Pirates / Tobi Roppo Sasaki | Q24: =IFERROR(__xludf.DUMMYFUNCTION("""COMPUTED_VALUE"""),"Caribou Pirates / Captain Caribou") -> Caribou Pirates / Captain Caribou | R24: =IFERROR(__xludf.DUMMYFUNCTION("""COMPUTED_VALUE"""),"Flying Pirates / Captain Vander Decken IX") -> Flying Pirates / Captain Vander Decken IX | S24: =IFERROR(__xludf.DUMMYFUNCTION("""COMPUTED_VALUE"""),"Triple-X-Level Boxer Ideo") -> Triple-X-Level Boxer Ideo | T24: =IFERROR(__xludf.DUMMYFUNCTION("""COMPUTED_VALUE"""),"The Kingdom of Prodence / King Elizabello II") -> The Kingdom of Prodence / King Elizabello II | U24: =IFERROR(__xludf.DUMMYFUNCTION("""COMPUTED_VALUE"""),"Big Mom Pirates / Crewmate Charoltte Oven") -> Big Mom Pirates / Crewmate Charoltte Oven | V24: =IFERROR(__xludf.DUMMYFUNCTION("""COMPUTED_VALUE"""),"Leader of the Whale Forest Guardians Pedro") -> Leader of the Whale Forest Guardians Pedro | W24: =IFERROR(__xludf.DUMMYFUNCTION("""COMPUTED_VALUE"""),"First Act as a Married Couple Charlotte Pudding") -> First Act as a Married Couple Charlotte Pudding | X24: =IFERROR(__xludf.DUMMYFUNCTION("""COMPUTED_VALUE"""),"Top Secret Special Force Captain of ""Sword"" X. Drake") -> Top Secret Special Force Captain of "Sword" X. Drake | Y24: =IFERROR(__xludf.DUMMYFUNCTION("""COMPUTED_VALUE"""),"Hyogoro Family / Big Boss Hyogoro") -> Hyogoro Family / Big Boss Hyogoro | Z24: =IFERROR(__xludf.DUMMYFUNCTION("""COMPUTED_VALUE"""),"Kozuki Clan / Servant Raizo") -> Kozuki Clan / Servant Raizo | AA24: =IFERROR(__xludf.DUMMYFUNCTION("""COMPUTED_VALUE"""),"Veteran Kunoichi Shinobu") -> Veteran Kunoichi Shinobu | AB24: =IFERROR(__xludf.DUMMYFUNCTION("""COMPUTED_VALUE"""),"The Bullet of Dressrosa Bellamy") -> The Bullet of Dressrosa Bellamy | AC24: =IFERROR(__xludf.DUMMYFUNCTION("""COMPUTED_VALUE"""),"Land of Wano Franosuke") -> Land of Wano Franosuke | AD24: =IFERROR(__xludf.DUMMYFUNCTION("""COMPUTED_VALUE"""),"Land of Wano Usohachi") -> Land of Wano Usohachi | AE24: =IFERROR(__xludf.DUMMYFUNCTION("""COMPUTED_VALUE"""),"Whitebeard Pirates / 5th Division Commander Vista") -> Whitebeard Pirates / 5th Division Commander Vista | AF24: =IFERROR(__xludf.DUMMYFUNCTION("""COMPUTED_VALUE"""),"Blackbeard Pirates / Helsman ""Champ"" Jesus Burgess") -> Blackbeard Pirates / Helsman "Champ" Jesus Burgess | AG24: =IFERROR(__xludf.DUMMYFUNCTION("""COMPUTED_VALUE"""),"Former Whitebeard Pirates / 16th Division Commander Izo") -> Former Whitebeard Pirates / 16th Division Commander Izo | AH24: =IFERROR(__xludf.DUMMYFUNCTION("""COMPUTED_VALUE"""),"Kurozumi Spy Kurozumi Kanjuro") -> Kurozumi Spy Kurozumi Kanjuro | AI24: =IFERROR(__xludf.DUMMYFUNCTION("""COMPUTED_VALUE"""),"Whole Cake Island Jinbe") -> Whole Cake Island Jinbe | AJ24: =IFERROR(__xludf.DUMMYFUNCTION("""COMPUTED_VALUE"""),"Big Mom Pirates / Crewmate Charlotte Pudding") -> Big Mom Pirates / Crewmate Charlotte Pudding | AK24: =IFERROR(__xludf.DUMMYFUNCTION("""COMPUTED_VALUE"""),"Don Quixote Pirates / Officer Monet") -> Don Quixote Pirates / Officer Monet | AL24: =IFERROR(__xludf.DUMMYFUNCTION("""COMPUTED_VALUE"""),"Don Quixote Pirates / Supreme Officer Vergo") -> Don Quixote Pirates / Supreme Officer Vergo | AM24: =IFERROR(__xludf.DUMMYFUNCTION("""COMPUTED_VALUE"""),"Don Quixote Pirates / Officer Señor Pink") -> Don Quixote Pirates / Officer Señor Pink | AN24: =IFERROR(__xludf.DUMMYFUNCTION("""COMPUTED_VALUE"""),"Don Quixote Pirates / Servant Assassin Baby 5") -> Don Quixote Pirates / Servant Assassin Baby 5 | AO24: =IFERROR(__xludf.DUMMYFUNCTION("""COMPUTED_VALUE"""),"Navy HQ / Science Team Captain Sentomaru") -> Navy HQ / Science Team Captain Sentomaru | AP24: =IFERROR(__xludf.DUMMYFUNCTION("""COMPUTED_VALUE"""),"Navy HQ / Master Chief Petty Officer Koby") -> Navy HQ / Master Chief Petty Officer Koby | AQ24: =IFERROR(__xludf.DUMMYFUNCTION("""COMPUTED_VALUE"""),"Land of Wano Bonekichi") -> Land of Wano Bonekichi | AR24: =IFERROR(__xludf.DUMMYFUNCTION("""COMPUTED_VALUE"""),"Land of Wano Orobi") -> Land of Wano Orobi | AS24: =IFERROR(__xludf.DUMMYFUNCTION("""COMPUTED_VALUE"""),"Baroque Works / Officer Agent Ms. Goldenweek") -> Baroque Works / Officer Agent Ms. Goldenweek | AT24: =IFERROR(__xludf.DUMMYFUNCTION("""COMPUTED_VALUE"""),"Baroque Works / Officer Agent Mr. 3") -> Baroque Works / Officer Agent Mr. 3 | AU24: =IFERROR(__xludf.DUMMYFUNCTION("""COMPUTED_VALUE"""),"King of the Night Cat Viper") -> King of the Night Cat Viper | AV24: =IFERROR(__xludf.DUMMYFUNCTION("""COMPUTED_VALUE"""),"King of the Day Dogstorm") -> King of the Day Dogstorm | AW24: =IFERROR(__xludf.DUMMYFUNCTION("""COMPUTED_VALUE"""),"Revolutionary Army / Officer Koala") -> Revolutionary Army / Officer Koala | AX24: =IFERROR(__xludf.DUMMYFUNCTION("""COMPUTED_VALUE"""),"Minks Carrot") -> Minks Carrot | AY24: =IFERROR(__xludf.DUMMYFUNCTION("""COMPUTED_VALUE"""),"Kozuki Clan / Servant Ashura Doji") -> Kozuki Clan / Servant Ashura Doji | AZ24: =IFERROR(__xludf.DUMMYFUNCTION("""COMPUTED_VALUE"""),"Kyoshiro Family / Boss Napping Kyoshiro") -> Kyoshiro Family / Boss Napping Kyoshiro | BA24: =IFERROR(__xludf.DUMMYFUNCTION("""COMPUTED_VALUE"""),"Kozuki Clan / Servant Kawamatsu") -> Kozuki Clan / Servant Kawamatsu | BB24: =IFERROR(__xludf.DUMMYFUNCTION("""COMPUTED_VALUE"""),"Most Handsome Swordman in the Land of Wano Kikunojo") -> Most Handsome Swordman in the Land of Wano Kikunojo | BC24: =IFERROR(__xludf.DUMMYFUNCTION("""COMPUTED_VALUE"""),"Fire Fist Portgaz D. Ace") -> Fire Fist Portgaz D. Ace | BD24: =IFERROR(__xludf.DUMMYFUNCTION("""COMPUTED_VALUE"""),"Former Navy Admiral Kuzan") -> Former Navy Admiral Kuzan | BE24: =IFERROR(__xludf.DUMMYFUNCTION("""COMPUTED_VALUE"""),"Punk Hazard Smoker (Chambres)") -> Punk Hazard Smoker (Chambres) | BF24: =IFERROR(__xludf.DUMMYFUNCTION("""COMPUTED_VALUE"""),"Ghost Princess Perona") -> Ghost Princess Perona | BG24: =IFERROR(__xludf.DUMMYFUNCTION("""COMPUTED_VALUE"""),"Former World Government / Science Division Member Caesar Clown") -> Former World Government / Science Division Member Caesar Clown | BH24: =IFERROR(__xludf.DUMMYFUNCTION("""COMPUTED_VALUE"""),"The Seven Warlords of the Sea Buggy") -> The Seven Warlords of the Sea Buggy | BI24: =IFERROR(__xludf.DUMMYFUNCTION("""COMPUTED_VALUE"""),"Don Quixote Family / Officer Corazon") -> Don Quixote Family / Officer Corazon | BJ24: =IFERROR(__xludf.DUMMYFUNCTION("""COMPUTED_VALUE"""),"Surgeon of Death Trafalger Law") -> Surgeon of Death Trafalger Law | BK24: =IFERROR(__xludf.DUMMYFUNCTION("""COMPUTED_VALUE"""),"Land of Wano Luffytaro") -> Land of Wano Luffytaro | BL24: =IFERROR(__xludf.DUMMYFUNCTION("""COMPUTED_VALUE"""),"Land of Wano Onami") -> Land of Wano Onami | BM24: =IFERROR(__xludf.DUMMYFUNCTION("""COMPUTED_VALUE"""),"On-Air Pirates / Captain Scratchmen Apoo") -> On-Air Pirates / Captain Scratchmen Apoo | BN24: =IFERROR(__xludf.DUMMYFUNCTION("""COMPUTED_VALUE"""),"Fallen Monk Pirates / Captain ""Mad Monk"" Urouge") -> Fallen Monk Pirates / Captain "Mad Monk" Urouge | BO24: =IFERROR(__xludf.DUMMYFUNCTION("""COMPUTED_VALUE"""),"Gear Four / Snakeman Monkey D. Luffy") -> Gear Four / Snakeman Monkey D. Luffy | BP24: =IFERROR(__xludf.DUMMYFUNCTION("""COMPUTED_VALUE"""),"Gerand Line Navel Base 5 / Vice Admiral Smoker") -> Gerand Line Navel Base 5 / Vice Admiral Smoker | BQ24: =IFERROR(__xludf.DUMMYFUNCTION("""COMPUTED_VALUE"""),"Navy HQ / Rear Admiral Hina") -> Navy HQ / Rear Admiral Hina | BR24: =IFERROR(__xludf.DUMMYFUNCTION("""COMPUTED_VALUE"""),"CP9 Kaku") -> CP9 Kaku | BS24: =IFERROR(__xludf.DUMMYFUNCTION("""COMPUTED_VALUE"""),"CP9 Rob Lucci") -> CP9 Rob Lucci | BT24: =IFERROR(__xludf.DUMMYFUNCTION("""COMPUTED_VALUE"""),"Beautiful Pirates / Captain Cavendish") -> Beautiful Pirates / Captain Cavendish | BU24: =IFERROR(__xludf.DUMMYFUNCTION("""COMPUTED_VALUE"""),"Barto Club / Captain Bartolomeo") -> Barto Club / Captain Bartolomeo | BV24: =IFERROR(__xludf.DUMMYFUNCTION("""COMPUTED_VALUE"""),"Whitebeard Pirates / 1st Division Commander Marco") -> Whitebeard Pirates / 1st Division Commander Marco | BW24: =IFERROR(__xludf.DUMMYFUNCTION("""COMPUTED_VALUE"""),"Son of the King of the Pirates Portgaz D. Ace") -> Son of the King of the Pirates Portgaz D. Ace | BX24: =IFERROR(__xludf.DUMMYFUNCTION("""COMPUTED_VALUE"""),"Happy Holiday Nico Robin") -> Happy Holiday Nico Robin | BY24: =IFERROR(__xludf.DUMMYFUNCTION("""COMPUTED_VALUE"""),"Happy Holiday Tony Tony Chopper") -> Happy Holiday Tony Tony Chopper | BZ24: =IFERROR(__xludf.DUMMYFUNCTION("""COMPUTED_VALUE"""),"Germa 66 Vinsmoke Reiju") -> Germa 66 Vinsmoke Reiju | CA24: =IFERROR(__xludf.DUMMYFUNCTION("""COMPUTED_VALUE"""),"Whole Cake Island Sanji") -> Whole Cake Island Sanji | CB24: =IFERROR(__xludf.DUMMYFUNCTION("""COMPUTED_VALUE"""),"Thriller Park Pirates / Mysterious Four Perona") -> Thriller Park Pirates / Mysterious Four Perona | CC24: =IFERROR(__xludf.DUMMYFUNCTION("""COMPUTED_VALUE"""),"Ray of Hope Nightmare Luffy") -> Ray of Hope Nightmare Luffy | CD24: =IFERROR(__xludf.DUMMYFUNCTION("""COMPUTED_VALUE"""),"Land of Wano Zorojuro") -> Land of Wano Zorojuro | CE24: =IFERROR(__xludf.DUMMYFUNCTION("""COMPUTED_VALUE"""),"Land of Wano Trafalgar Law") -> Land of Wano Trafalgar Law | CF24: =IFERROR(__xludf.DUMMYFUNCTION("""COMPUTED_VALUE"""),"2 Years Later / Ship Carpenter Franky") -> 2 Years Later / Ship Carpenter Franky | CG24: =IFERROR(__xludf.DUMMYFUNCTION("""COMPUTED_VALUE"""),"2 Years Later / Musician Brook") -> 2 Years Later / Musician Brook | CH24: =IFERROR(__xludf.DUMMYFUNCTION("""COMPUTED_VALUE"""),"2 Years Later / Archaeologist Nico Robin") -> 2 Years Later / Archaeologist Nico Robin | CI24: =IFERROR(__xludf.DUMMYFUNCTION("""COMPUTED_VALUE"""),"2 Years Later / Doctor Tony Tony Chopper") -> 2 Years Later / Doctor Tony Tony Chopper | CJ24: =IFERROR(__xludf.DUMMYFUNCTION("""COMPUTED_VALUE"""),"2 Years Later / Sharp Shooter Usopp") -> 2 Years Later / Sharp Shooter Usopp | CK24: =IFERROR(__xludf.DUMMYFUNCTION("""COMPUTED_VALUE"""),"2 Years Later / Cook Sanji") -> 2 Years Later / Cook Sanji | CL24: =IFERROR(__xludf.DUMMYFUNCTION("""COMPUTED_VALUE"""),"2 Years Later / Navigator Nami") -> 2 Years Later / Navigator Nami | CM24: =IFERROR(__xludf.DUMMYFUNCTION("""COMPUTED_VALUE"""),"2 Years Later / Combatant Roronoa Zoro") -> 2 Years Later / Combatant Roronoa Zoro | CN24: =IFERROR(__xludf.DUMMYFUNCTION("""COMPUTED_VALUE"""),"2 Years Later / Captain Monkey D. Luffy") -> 2 Years Later / Captain Monkey D. Luffy | CO24: =IFERROR(__xludf.DUMMYFUNCTION("""COMPUTED_VALUE"""),"Arm Point Tony Tony Chopper") -> Arm Point Tony Tony Chopper | CP24: =IFERROR(__xludf.DUMMYFUNCTION("""COMPUTED_VALUE"""),"108 Pound Phoenix Roronoa Zoro") -> 108 Pound Phoenix Roronoa Zoro | CQ24: =IFERROR(__xludf.DUMMYFUNCTION("""COMPUTED_VALUE"""),"Baroque Works / Vice President Ms. All Sunday") -> Baroque Works / Vice President Ms. All Sunday | CR24: =IFERROR(__xludf.DUMMYFUNCTION("""COMPUTED_VALUE"""),"Baroque Works / Officer Agent Bon Clay, aka Mr. 2") -> Baroque Works / Officer Agent Bon Clay, aka Mr. 2 | CS24: =IFERROR(__xludf.DUMMYFUNCTION("""COMPUTED_VALUE"""),"Kami Eneru") -> Kami Eneru | CT24: =IFERROR(__xludf.DUMMYFUNCTION("""COMPUTED_VALUE"""),"The Seven Warlords of the Sea Crocodile") -> The Seven Warlords of the Sea Crocodile | CU24: =IFERROR(__xludf.DUMMYFUNCTION("""COMPUTED_VALUE"""),"Peacock Slasher Nefeltari Vivi") -> Peacock Slasher Nefeltari Vivi | CV24: =IFERROR(__xludf.DUMMYFUNCTION("""COMPUTED_VALUE"""),"Gum-Gum Storm Monkey D. Luffy") -> Gum-Gum Storm Monkey D. Luffy | CW24: =IFERROR(__xludf.DUMMYFUNCTION("""COMPUTED_VALUE"""),"Drum Kingdom / Former Ruler Wapol") -> Drum Kingdom / Former Ruler Wapol | CX24: =IFERROR(__xludf.DUMMYFUNCTION("""COMPUTED_VALUE"""),"Navy HQ / Captain Smoker") -> Navy HQ / Captain Smoker | CY24: =IFERROR(__xludf.DUMMYFUNCTION("""COMPUTED_VALUE"""),"30 Million Berry Bounty Monkey D. Luffy") -> 30 Million Berry Bounty Monkey D. Luffy | CZ24: =IFERROR(__xludf.DUMMYFUNCTION("""COMPUTED_VALUE"""),"Arlong Pirates / Captain Arlong") -> Arlong Pirates / Captain Arlong | DA24: =IFERROR(__xludf.DUMMYFUNCTION("""COMPUTED_VALUE"""),"The Seven Warlords of the Sea Dracule Mihawk") -> The Seven Warlords of the Sea Dracule Mihawk | DB24: =IFERROR(__xludf.DUMMYFUNCTION("""COMPUTED_VALUE"""),"Girl from Syrub Village Kaya") -> Girl from Syrub Village Kaya | DC24: =IFERROR(__xludf.DUMMYFUNCTION("""COMPUTED_VALUE"""),"Red-Haired Pirates / Sharp Shooter Yasopp") -> Red-Haired Pirates / Sharp Shooter Yasopp
C25: {=IF(C24:EE24 <> "", VLOOKUP(C24:EE24,'Characters Database'!$E$6:$K45, 7, False), )} -> Dark Defender | D25: Green Runner | E25: Dark Defender-Attacker | F25: Light Runner | G25: Blue Defender | H25: Red Defender | I25: Dark Attacker | J25: Dark Defender | K25: Light Attacker | L25: Blue Runner | M25: Green Defender | N25: Blue Defender | O25: Blue Attacker | P25: Green Runner | Q25: Red Defender | R25: Blue Attacker | S25: Red Runner | T25: Red Attacker | U25: Red Defender | V25: Green Attacker | W25: Green Defender | X25: Blue Attacker | Y25: Blue Defender | Z25: Red Attacker | AA25: Blue Runner | AB25: Green Runner | AC25: Blue Attacker | AD25: Red Defender | AE25: Blue Runner | AF25: Green Attacker | AG25: Blue Attacker | AH25: Green Runner | AI25: Red Defender | AJ25: Red Attacker | AK25: Red Defender | AL25: Green Attacker | AM25: Red Runner | AN25: Green Defender | AO25: Green Defender | AP25: Blue Runner | AQ25: Blue Defender | AR25: Green Runner | AS25: Blue Runner | AT25: Green Defender | AU25: Red Runner | AV25: Green Attacker | AW25: Red Attacker | AX25: Green Runner | AY25: Green Defender | AZ25: Blue Runner | BA25: Red Defender | BB25: Blue Attacker | BC25: Blue Defender | BD25: Green Attacker | BE25: Red Attacker | BF25: Blue Defender | BG25: Red Defender | BH25: Blue Attacker | BI25: Blue Defender | BJ25: Red Runner | BK25: Blue Attacker | BL25: Green Runner | BM25: Green Runner | BN25: Red Defender | BO25: Red Runner | BP25: Blue Attacker | BQ25: Green Defender | BR25: Red Runner | BS25: Green Attacker | BT25: Green Attacker | BU25: Red Defender | BV25: Red Runner | BW25: Green Runner | BX25: Blue Runner | BY25: Blue Attacker | BZ25: Blue Runner | CA25: Red Attacker | CB25: Green Runner | CC25: Blue Defender | CD25: Blue Attacker | CE25: Red Defender | CF25: Red Defender | CG25: Green Runner | CH25: Red Attacker | CI25: Blue Runner | CJ25: Blue Runner | CK25: Green Attacker | CL25: Red Runner | CM25: Green Defender | CN25: Blue Attacker | CO25: Blue Attacker | CP25: Red Runner | CQ25: Blue Runner | CR25: Green Attacker | CS25: Green Attacker | CT25: Blue Defender | CU25: Green Runner | CV25: Red Defender | CW25: Green Defender | CX25: Green Defender | CY25: Red Attacker | CZ25: Blue Attacker | DA25: Red Attacker | DB25: Blue Defender | DC25: Green Runner
A26: Limited Step Up | B26: =COUNTIF(28:28,"*") -> 4 | C26: {=IF(C28:EE28 <> "", IF(VLOOKUP(C28:EE28,'Characters Database'!$E$6:$I45, 5, False) = "", "-", IMAGE(VLOOKUP(C28:EE28,'Characters Database'!$E$6:$I45, 5, False))), )}
C27: {=IF(C28:EE28 <> "", IMAGE(VLOOKUP(C28:EE28,'Characters Database'!$E$6:$K45, 6, False)), )}
C28: =IFERROR(__xludf.DUMMYFUNCTION("TRANSPOSE(QUERY('Characters Database'!A$6:K45, ""Select E Where F = '"" & A26 & ""'""))"),"FILM RED Tony Tony Chopper") -> FILM RED Tony Tony Chopper | D28: =IFERROR(__xludf.DUMMYFUNCTION("""COMPUTED_VALUE"""),"FILM RED Nami") -> FILM RED Nami | E28: =IFERROR(__xludf.DUMMYFUNCTION("""COMPUTED_VALUE"""),"STAMPEDE Sabo") -> STAMPEDE Sabo | F28: =IFERROR(__xludf.DUMMYFUNCTION("""COMPUTED_VALUE"""),"STAMPEDE Smoker") -> STAMPEDE Smoker
C29: {=IF(C28:EE28 <> "", VLOOKUP(C28:EE28,'Characters Database'!$E$6:$K45, 7, False), )} -> Green Defender | D29: Blue Runner | E29: Green Attacker | F29: Blue Defender
A30: Bounty Festival | B30: =COUNTIF(32:32,"*") -> 132 | C30: {=IF(C32:EE32 <> "", IF(VLOOKUP(C32:EE32,'Characters Database'!$E$6:$I45, 5, False) = "", "-", IMAGE(VLOOKUP(C32:EE32,'Characters Database'!$E$6:$I45, 5, False))), )}
C31: {=IF(C32:EE32 <> "", IMAGE(VLOOKUP(C32:EE32,'Characters Database'!$E$6:$K45, 6, False)), )}
C32: =IFERROR(__xludf.DUMMYFUNCTION("TRANSPOSE(QUERY('Characters Database'!A$6:K45, ""Select E Where F = '"" & A30 & ""'""))"),"ASL Ace & Sabo & Luffy") -> ASL Ace & Sabo & Luffy | D32: =IFERROR(__xludf.DUMMYFUNCTION("""COMPUTED_VALUE"""),"Winner Island Bepo") -> Winner Island Bepo | E32: =IFERROR(__xludf.DUMMYFUNCTION("""COMPUTED_VALUE"""),"Genius Scientist Vegapunk") -> Genius Scientist Vegapunk | F32: =IFERROR(__xludf.DUMMYFUNCTION("""COMPUTED_VALUE"""),"Father and Daughter Kuma & Bonney") -> Father and Daughter Kuma & Bonney | G32: =IFERROR(__xludf.DUMMYFUNCTION("""COMPUTED_VALUE"""),"Egghead Jinbe") -> Egghead Jinbe | H32: =IFERROR(__xludf.DUMMYFUNCTION("""COMPUTED_VALUE"""),"Egghead Franky") -> Egghead Franky | I32: =IFERROR(__xludf.DUMMYFUNCTION("""COMPUTED_VALUE"""),"Egghead Nico Robin") -> Egghead Nico Robin | J32: =IFERROR(__xludf.DUMMYFUNCTION("""COMPUTED_VALUE"""),"Egghead Tony Tony Chopper") -> Egghead Tony Tony Chopper | K32: =IFERROR(__xludf.DUMMYFUNCTION("""COMPUTED_VALUE"""),"Egghead Brook") -> Egghead Brook | L32: =IFERROR(__xludf.DUMMYFUNCTION("""COMPUTED_VALUE"""),"Egghead Usopp") -> Egghead Usopp | M32: =IFERROR(__xludf.DUMMYFUNCTION("""COMPUTED_VALUE"""),"Egghead Nami") -> Egghead Nami | N32: =IFERROR(__xludf.DUMMYFUNCTION("""COMPUTED_VALUE"""),"Blind Swordsman Fujitora [Issho]") -> Blind Swordsman Fujitora [Issho] | O32: =IFERROR(__xludf.DUMMYFUNCTION("""COMPUTED_VALUE"""),"Groves of Wrath Ryokugyu [Aramaki]") -> Groves of Wrath Ryokugyu [Aramaki] | P32: =IFERROR(__xludf.DUMMYFUNCTION("""COMPUTED_VALUE"""),"Davy Back Fight Sanji") -> Davy Back Fight Sanji | Q32: =IFERROR(__xludf.DUMMYFUNCTION("""COMPUTED_VALUE"""),"Foxy Pirates / Captain Foxy") -> Foxy Pirates / Captain Foxy | R32: =IFERROR(__xludf.DUMMYFUNCTION("""COMPUTED_VALUE"""),"Davy Back Fight Monkey D. Luffy") -> Davy Back Fight Monkey D. Luffy | S32: =IFERROR(__xludf.DUMMYFUNCTION("""COMPUTED_VALUE"""),"Happosui Army / 13th Chief Sai") -> Happosui Army / 13th Chief Sai | T32: =IFERROR(__xludf.DUMMYFUNCTION("""COMPUTED_VALUE"""),"Tontatta Pirates / Captain Leo") -> Tontatta Pirates / Captain Leo | U32: =IFERROR(__xludf.DUMMYFUNCTION("""COMPUTED_VALUE"""),"Clear-Clear Fruit Shiryu") -> Clear-Clear Fruit Shiryu | V32: =IFERROR(__xludf.DUMMYFUNCTION("""COMPUTED_VALUE"""),"Strong-Strong Fruit Jesus Burgess") -> Strong-Strong Fruit Jesus Burgess | W32: =IFERROR(__xludf.DUMMYFUNCTION("""COMPUTED_VALUE"""),"Germa 66 Vinsmoke Yonji") -> Germa 66 Vinsmoke Yonji | X32: =IFERROR(__xludf.DUMMYFUNCTION("""COMPUTED_VALUE"""),"Germa 66 Vinsmoke Neji") -> Germa 66 Vinsmoke Neji | Y32: =IFERROR(__xludf.DUMMYFUNCTION("""COMPUTED_VALUE"""),"Germa 66 Vinsmoke Ichiji") -> Germa 66 Vinsmoke Ichiji | Z32: =IFERROR(__xludf.DUMMYFUNCTION("""COMPUTED_VALUE"""),"Navy HQ / Captain Koby") -> Navy HQ / Captain Koby | AA32: =IFERROR(__xludf.DUMMYFUNCTION("""COMPUTED_VALUE"""),"Egghead Sanji") -> Egghead Sanji | AB32: =IFERROR(__xludf.DUMMYFUNCTION("""COMPUTED_VALUE"""),"Seraphim S-Shark") -> Seraphim S-Shark | AC32: =IFERROR(__xludf.DUMMYFUNCTION("""COMPUTED_VALUE"""),"Seraphim S-Bear") -> Seraphim S-Bear | AD32: =IFERROR(__xludf.DUMMYFUNCTION("""COMPUTED_VALUE"""),"Punk-02 Lilith") -> Punk-02 Lilith | AE32: =IFERROR(__xludf.DUMMYFUNCTION("""COMPUTED_VALUE"""),"The Red Broggy") -> The Red Broggy | AF32: =IFERROR(__xludf.DUMMYFUNCTION("""COMPUTED_VALUE"""),"The Blue Dorry") -> The Blue Dorry | AG32: =IFERROR(__xludf.DUMMYFUNCTION("""COMPUTED_VALUE"""),"Vegapunk's Spy Stussy") -> Vegapunk's Spy Stussy | AH32: =IFERROR(__xludf.DUMMYFUNCTION("""COMPUTED_VALUE"""),"Awakened Form Kaku") -> Awakened Form Kaku | AI32: =IFERROR(__xludf.DUMMYFUNCTION("""COMPUTED_VALUE"""),"CP9 Jabra") -> CP9 Jabra | AJ32: =IFERROR(__xludf.DUMMYFUNCTION("""COMPUTED_VALUE"""),"CP9 Blueno") -> CP9 Blueno | AK32: =IFERROR(__xludf.DUMMYFUNCTION("""COMPUTED_VALUE"""),"Seraphim S-Hawk") -> Seraphim S-Hawk | AL32: =IFERROR(__xludf.DUMMYFUNCTION("""COMPUTED_VALUE"""),"Egghead Roronoa Zoro") -> Egghead Roronoa Zoro | AM32: =IFERROR(__xludf.DUMMYFUNCTION("""COMPUTED_VALUE"""),"Egghead Monkey D. Luffy") -> Egghead Monkey D. Luffy | AN32: =IFERROR(__xludf.DUMMYFUNCTION("""COMPUTED_VALUE"""),"The Navy's Human Weapon Pacifista") -> The Navy's Human Weapon Pacifista | AO32: =IFERROR(__xludf.DUMMYFUNCTION("""COMPUTED_VALUE"""),"The Most Defensive Man in the World Sentomaru") -> The Most Defensive Man in the World Sentomaru | AP32: =IFERROR(__xludf.DUMMYFUNCTION("""COMPUTED_VALUE"""),"Lvneel Kingdom / Exploration Ship Admiral Mont Blanc Noland") -> Lvneel Kingdom / Exploration Ship Admiral Mont Blanc Noland | AQ32: =IFERROR(__xludf.DUMMYFUNCTION("""COMPUTED_VALUE"""),"The Great Warrior of Shandora Kalgara") -> The Great Warrior of Shandora Kalgara | AR32: =IFERROR(__xludf.DUMMYFUNCTION("""COMPUTED_VALUE"""),"Ex-Roger Pirates / First Mate Silvers Rayleigh") -> Ex-Roger Pirates / First Mate Silvers Rayleigh | AS32: =IFERROR(__xludf.DUMMYFUNCTION("""COMPUTED_VALUE"""),"Heir to the Shogun of Wano Kozuki Oden") -> Heir to the Shogun of Wano Kozuki Oden | AT32: =IFERROR(__xludf.DUMMYFUNCTION("""COMPUTED_VALUE"""),"Shogun of Wano Kozuki Momonosuke") -> Shogun of Wano Kozuki Momonosuke | AU32: =IFERROR(__xludf.DUMMYFUNCTION("""COMPUTED_VALUE"""),"Navy HQ / Admiral Ryokugyu [Aramaki]") -> Navy HQ / Admiral Ryokugyu [Aramaki] | AV32: =IFERROR(__xludf.DUMMYFUNCTION("""COMPUTED_VALUE"""),"Raid on Onigashima Franky") -> Raid on Onigashima Franky | AW32: =IFERROR(__xludf.DUMMYFUNCTION("""COMPUTED_VALUE"""),"Raid on Onigashima Tony Tony Chopper") -> Raid on Onigashima Tony Tony Chopper | AX32: =IFERROR(__xludf.DUMMYFUNCTION("""COMPUTED_VALUE"""),"Revolutionary Army / Captain of the Eastern Forces Belo Betty") -> Revolutionary Army / Captain of the Eastern Forces Belo Betty | AY32: =IFERROR(__xludf.DUMMYFUNCTION("""COMPUTED_VALUE"""),"Revolutionary Army / Captain of the Northern Forces Karasu") -> Revolutionary Army / Captain of the Northern Forces Karasu | AZ32: =IFERROR(__xludf.DUMMYFUNCTION("""COMPUTED_VALUE"""),"Cyborg Queen") -> Cyborg Queen | BA32: =IFERROR(__xludf.DUMMYFUNCTION("""COMPUTED_VALUE"""),"Lunarian Alber") -> Lunarian Alber | BB32: =IFERROR(__xludf.DUMMYFUNCTION("""COMPUTED_VALUE"""),"Raid on Onigashima Sanji") -> Raid on Onigashima Sanji | BC32: =IFERROR(__xludf.DUMMYFUNCTION("""COMPUTED_VALUE"""),"Raid on Onigashima Killer") -> Raid on Onigashima Killer | BD32: =IFERROR(__xludf.DUMMYFUNCTION("""COMPUTED_VALUE"""),"New Fish-Man Pirates / Captain Hody Jones") -> New Fish-Man Pirates / Captain Hody Jones | BE32: =IFERROR(__xludf.DUMMYFUNCTION("""COMPUTED_VALUE"""),"Ryugu Kingdom / King Neptune") -> Ryugu Kingdom / King Neptune | BF32: =IFERROR(__xludf.DUMMYFUNCTION("""COMPUTED_VALUE"""),"Raid on Onigashima Usopp") -> Raid on Onigashima Usopp | BG32: =IFERROR(__xludf.DUMMYFUNCTION("""COMPUTED_VALUE"""),"Raid on Onigashima Nami") -> Raid on Onigashima Nami | BH32: =IFERROR(__xludf.DUMMYFUNCTION("""COMPUTED_VALUE"""),"Raid on Onigashima Brook") -> Raid on Onigashima Brook | BI32: =IFERROR(__xludf.DUMMYFUNCTION("""COMPUTED_VALUE"""),"Raid on Onigashima Nico Robin") -> Raid on Onigashima Nico Robin | BJ32: =IFERROR(__xludf.DUMMYFUNCTION("""COMPUTED_VALUE"""),"Slicing Winds of Rommel Hakuba") -> Slicing Winds of Rommel Hakuba | BK32: =IFERROR(__xludf.DUMMYFUNCTION("""COMPUTED_VALUE"""),"Former Happosui Army / 12th Chief Chin Jao") -> Former Happosui Army / 12th Chief Chin Jao | BL32: =IFERROR(__xludf.DUMMYFUNCTION("""COMPUTED_VALUE"""),"Big Mom Pirates / Crewmate Charlotte Brulee") -> Big Mom Pirates / Crewmate Charlotte Brulee | BM32: =IFERROR(__xludf.DUMMYFUNCTION("""COMPUTED_VALUE"""),"Big Mom Pirates / ""Sweet 3"" General Charlotte Cracker") -> Big Mom Pirates / "Sweet 3" General Charlotte Cracker | BN32: =IFERROR(__xludf.DUMMYFUNCTION("""COMPUTED_VALUE"""),"Animal Kingdom Pirates / Tobi Roppo Who`s-Who") -> Animal Kingdom Pirates / Tobi Roppo Who`s-Who | BO32: =IFERROR(__xludf.DUMMYFUNCTION("""COMPUTED_VALUE"""),"Raid on Onigashima Jinbe") -> Raid on Onigashima Jinbe | BP32: =IFERROR(__xludf.DUMMYFUNCTION("""COMPUTED_VALUE"""),"Animal Kingdom Pirates / Lead Performer King") -> Animal Kingdom Pirates / Lead Performer King | BQ32: =IFERROR(__xludf.DUMMYFUNCTION("""COMPUTED_VALUE"""),"Don Quixote Pirates / Supreme Officer Trebol") -> Don Quixote Pirates / Supreme Officer Trebol | BR32: =IFERROR(__xludf.DUMMYFUNCTION("""COMPUTED_VALUE"""),"Don Quixote Pirates / Supreme Officer Diamante") -> Don Quixote Pirates / Supreme Officer Diamante | BS32: =IFERROR(__xludf.DUMMYFUNCTION("""COMPUTED_VALUE"""),"Land of Wano Marco") -> Land of Wano Marco | BT32: =IFERROR(__xludf.DUMMYFUNCTION("""COMPUTED_VALUE"""),"Big Mom Pirates / Crewmate Charlotte Perospero") -> Big Mom Pirates / Crewmate Charlotte Perospero | BU32: =IFERROR(__xludf.DUMMYFUNCTION("""COMPUTED_VALUE"""),"Animal Kingdom Pirates / Tobi Roppo Ulti") -> Animal Kingdom Pirates / Tobi Roppo Ulti | BV32: =IFERROR(__xludf.DUMMYFUNCTION("""COMPUTED_VALUE"""),"Animal Kingdom Pirates / Tobi Roppo Page One") -> Animal Kingdom Pirates / Tobi Roppo Page One | BW32: =IFERROR(__xludf.DUMMYFUNCTION("""COMPUTED_VALUE"""),"Blackbeard Pirates / Former Head Jailer of Impel Down Shiryu") -> Blackbeard Pirates / Former Head Jailer of Impel Down Shiryu | BX32: =IFERROR(__xludf.DUMMYFUNCTION("""COMPUTED_VALUE"""),"Whitebeard Pirates / 3rd Division Commander Jozu") -> Whitebeard Pirates / 3rd Division Commander Jozu | BY32: =IFERROR(__xludf.DUMMYFUNCTION("""COMPUTED_VALUE"""),"Stealth Black Soba Mask") -> Stealth Black Soba Mask | BZ32: =IFERROR(__xludf.DUMMYFUNCTION("""COMPUTED_VALUE"""),"Germa 66 / Generalissimo Vinsmoke Judge") -> Germa 66 / Generalissimo Vinsmoke Judge | CA32: =IFERROR(__xludf.DUMMYFUNCTION("""COMPUTED_VALUE"""),"Animal Kingdom Pirates / Lead Performer Queen") -> Animal Kingdom Pirates / Lead Performer Queen | CB32: =IFERROR(__xludf.DUMMYFUNCTION("""COMPUTED_VALUE"""),"Animal Kingdom Pirates / Lead Performer Jack") -> Animal Kingdom Pirates / Lead Performer Jack | CC32: =IFERROR(__xludf.DUMMYFUNCTION("""COMPUTED_VALUE"""),"Roger Pirates / First Mate Silvers Rayleigh") -> Roger Pirates / First Mate Silvers Rayleigh | CD32: =IFERROR(__xludf.DUMMYFUNCTION("""COMPUTED_VALUE"""),"Whole Cake Island Brook") -> Whole Cake Island Brook | CE32: =IFERROR(__xludf.DUMMYFUNCTION("""COMPUTED_VALUE"""),"Whole Cake Island Nami") -> Whole Cake Island Nami | CF32: =IFERROR(__xludf.DUMMYFUNCTION("""COMPUTED_VALUE"""),"Don Quixote Pirates / Special Officer Sugar") -> Don Quixote Pirates / Special Officer Sugar | CG32: =IFERROR(__xludf.DUMMYFUNCTION("""COMPUTED_VALUE"""),"Don Quixote Pirates / Captain Don Quixote Doflamingo") -> Don Quixote Pirates / Captain Don Quixote Doflamingo | CH32: =IFERROR(__xludf.DUMMYFUNCTION("""COMPUTED_VALUE"""),"Princess and Loyal Partner Vivi & Karoo") -> Princess and Loyal Partner Vivi & Karoo | CI32: =IFERROR(__xludf.DUMMYFUNCTION("""COMPUTED_VALUE"""),"Lieutenant Royal Guard of Alabasta Pell") -> Lieutenant Royal Guard of Alabasta Pell | CJ32: =IFERROR(__xludf.DUMMYFUNCTION("""COMPUTED_VALUE"""),"Raid on Onigashima Trafalger Law") -> Raid on Onigashima Trafalger Law | CK32: =IFERROR(__xludf.DUMMYFUNCTION("""COMPUTED_VALUE"""),"Raid on Onigashima Eustass Kid") -> Raid on Onigashima Eustass Kid | CL32: =IFERROR(__xludf.DUMMYFUNCTION("""COMPUTED_VALUE"""),"Raid on Onigashima Monkey D. Luffy") -> Raid on Onigashima Monkey D. Luffy | CM32: =IFERROR(__xludf.DUMMYFUNCTION("""COMPUTED_VALUE"""),"Enies Lobby Nico Robin") -> Enies Lobby Nico Robin | CN32: =IFERROR(__xludf.DUMMYFUNCTION("""COMPUTED_VALUE"""),"Monster Point Tony Tony Chopper") -> Monster Point Tony Tony Chopper | CO32: =IFERROR(__xludf.DUMMYFUNCTION("""COMPUTED_VALUE"""),"Iron Pirate General Franky") -> Iron Pirate General Franky | CP32: =IFERROR(__xludf.DUMMYFUNCTION("""COMPUTED_VALUE"""),"Savior God Usopp") -> Savior God Usopp | CQ32: =IFERROR(__xludf.DUMMYFUNCTION("""COMPUTED_VALUE"""),"Roger`s Rival Edward Newgate") -> Roger`s Rival Edward Newgate | CR32: =IFERROR(__xludf.DUMMYFUNCTION("""COMPUTED_VALUE"""),"Hero of the Navy Monkey D. Garb") -> Hero of the Navy Monkey D. Garb | CS32: =IFERROR(__xludf.DUMMYFUNCTION("""COMPUTED_VALUE"""),"Royal Wedding Sanji") -> Royal Wedding Sanji | CT32: =IFERROR(__xludf.DUMMYFUNCTION("""COMPUTED_VALUE"""),"The Billion-Fold World Trichiliocosm Roronoa Zoro") -> The Billion-Fold World Trichiliocosm Roronoa Zoro | CU32: =IFERROR(__xludf.DUMMYFUNCTION("""COMPUTED_VALUE"""),"Luffy & Law Pirate Alliance Monkey D. Luffy") -> Luffy & Law Pirate Alliance Monkey D. Luffy | CV32: =IFERROR(__xludf.DUMMYFUNCTION("""COMPUTED_VALUE"""),"Kozuki Clan / Servant Kin'emon") -> Kozuki Clan / Servant Kin'emon | CW32: =IFERROR(__xludf.DUMMYFUNCTION("""COMPUTED_VALUE"""),"The Parmount War Gecko Moria") -> The Parmount War Gecko Moria | CX32: =IFERROR(__xludf.DUMMYFUNCTION("""COMPUTED_VALUE"""),"The Parmount War Crocodile") -> The Parmount War Crocodile | CY32: =IFERROR(__xludf.DUMMYFUNCTION("""COMPUTED_VALUE"""),"Kuja Pirates / Captain Boa Hancock") -> Kuja Pirates / Captain Boa Hancock | CZ32: =IFERROR(__xludf.DUMMYFUNCTION("""COMPUTED_VALUE"""),"The Greatest Swordman in the World Dracule Mihawk") -> The Greatest Swordman in the World Dracule Mihawk | DA32: =IFERROR(__xludf.DUMMYFUNCTION("""COMPUTED_VALUE"""),"Superhuman Charlotte Katakuri") -> Superhuman Charlotte Katakuri | DB32: =IFERROR(__xludf.DUMMYFUNCTION("""COMPUTED_VALUE"""),"Amaru Eneru") -> Amaru Eneru | DC32: =IFERROR(__xludf.DUMMYFUNCTION("""COMPUTED_VALUE"""),"CP0 Rob Lucci") -> CP0 Rob Lucci | DD32: =IFERROR(__xludf.DUMMYFUNCTION("""COMPUTED_VALUE"""),"Land of Wano X.Drake") -> Land of Wano X.Drake | DE32: =IFERROR(__xludf.DUMMYFUNCTION("""COMPUTED_VALUE"""),"New World Eustass Kid") -> New World Eustass Kid | DF32: =IFERROR(__xludf.DUMMYFUNCTION("""COMPUTED_VALUE"""),"Navy HQ / Fleet Admiral Sengoku") -> Navy HQ / Fleet Admiral Sengoku | DG32: =IFERROR(__xludf.DUMMYFUNCTION("""COMPUTED_VALUE"""),"The Pirate King`s Right Arm The Dark King Silvers Rayleigh") -> The Pirate King`s Right Arm The Dark King Silvers Rayleigh | DH32: =IFERROR(__xludf.DUMMYFUNCTION("""COMPUTED_VALUE"""),"Revolutoonary Army Emporio Ivankov") -> Revolutoonary Army Emporio Ivankov | DI32: =IFERROR(__xludf.DUMMYFUNCTION("""COMPUTED_VALUE"""),"Impel Down / Warden Magellan") -> Impel Down / Warden Magellan | DJ32: =IFERROR(__xludf.DUMMYFUNCTION("""COMPUTED_VALUE"""),"Luffy`s Brother Sabo") -> Luffy`s Brother Sabo | DK32: =IFERROR(__xludf.DUMMYFUNCTION("""COMPUTED_VALUE"""),"Navy HQ / Admiral Fujitora [Issho]") -> Navy HQ / Admiral Fujitora [Issho] | DL32: =IFERROR(__xludf.DUMMYFUNCTION("""COMPUTED_VALUE"""),"Animal Kingdom Pirates / Supreme Commander Kaido") -> Animal Kingdom Pirates / Supreme Commander Kaido | DM32: =IFERROR(__xludf.DUMMYFUNCTION("""COMPUTED_VALUE"""),"The Seven Warlords of the Sea Bartholomew Kuma") -> The Seven Warlords of the Sea Bartholomew Kuma | DN32: =IFERROR(__xludf.DUMMYFUNCTION("""COMPUTED_VALUE"""),"The Seven Warlords of the Sea Jinbe") -> The Seven Warlords of the Sea Jinbe | DO32: =IFERROR(__xludf.DUMMYFUNCTION("""COMPUTED_VALUE"""),"Big Mom Pirates / ""Sweet 3"" General Charlotte Katakuri") -> Big Mom Pirates / "Sweet 3" General Charlotte Katakuri | DP32: =IFERROR(__xludf.DUMMYFUNCTION("""COMPUTED_VALUE"""),"Big Mom Pirates / Captain Charlotte Linlin") -> Big Mom Pirates / Captain Charlotte Linlin | DQ32: =IFERROR(__xludf.DUMMYFUNCTION("""COMPUTED_VALUE"""),"The Seven Warlords of the Sea Don Quixote Doflamingo") -> The Seven Warlords of the Sea Don Quixote Doflamingo | DR32: =IFERROR(__xludf.DUMMYFUNCTION("""COMPUTED_VALUE"""),"Gear Four / Bounceman Monkey D. Luffy") -> Gear Four / Bounceman Monkey D. Luffy | DS32: =IFERROR(__xludf.DUMMYFUNCTION("""COMPUTED_VALUE"""),"Bikini Boa Hancock") -> Bikini Boa Hancock | DT32: =IFERROR(__xludf.DUMMYFUNCTION("""COMPUTED_VALUE"""),"Bikini Nami") -> Bikini Nami | DU32: =IFERROR(__xludf.DUMMYFUNCTION("""COMPUTED_VALUE"""),"Navy HQ / Admiral Kizaru [Borsalino]") -> Navy HQ / Admiral Kizaru [Borsalino] | DV32: =IFERROR(__xludf.DUMMYFUNCTION("""COMPUTED_VALUE"""),"Revolutoonary Army / Chief of Staff Sabo") -> Revolutoonary Army / Chief of Staff Sabo | DW32: =IFERROR(__xludf.DUMMYFUNCTION("""COMPUTED_VALUE"""),"Heart Pirates / Captain Trafalger Law") -> Heart Pirates / Captain Trafalger Law | DX32: =IFERROR(__xludf.DUMMYFUNCTION("""COMPUTED_VALUE"""),"Kid Pirates / Captain Eustass Kid") -> Kid Pirates / Captain Eustass Kid | DY32: =IFERROR(__xludf.DUMMYFUNCTION("""COMPUTED_VALUE"""),"The Seven Warlords of the Sea Gecko Moria") -> The Seven Warlords of the Sea Gecko Moria | DZ32: =IFERROR(__xludf.DUMMYFUNCTION("""COMPUTED_VALUE"""),"The Seven Warlords of the Sea Hancock") -> The Seven Warlords of the Sea Hancock | EA32: =IFERROR(__xludf.DUMMYFUNCTION("""COMPUTED_VALUE"""),"Navy HQ / Admiral Aokiji [Kuzan]") -> Navy HQ / Admiral Aokiji [Kuzan] | EB32: =IFERROR(__xludf.DUMMYFUNCTION("""COMPUTED_VALUE"""),"Navy HQ / Admiral Akainu [Sakazuki]") -> Navy HQ / Admiral Akainu [Sakazuki] | EC32: =IFERROR(__xludf.DUMMYFUNCTION("""COMPUTED_VALUE"""),"Whitebeard Pirates / 2nd Division Commander Portgaz D. Ace") -> Whitebeard Pirates / 2nd Division Commander Portgaz D. Ace | ED32: =IFERROR(__xludf.DUMMYFUNCTION("""COMPUTED_VALUE"""),"Whitebeard Pirates / Captain Whitebeard Edward Newgate") -> Whitebeard Pirates / Captain Whitebeard Edward Newgate
C33: {=IF(C32:EE32 <> "", VLOOKUP(C32:EE32,'Characters Database'!$E$6:$K45, 7, False), )} -> Light Attacker-Defender-Runner | D33: Light Defender | E33: Green Runner | F33: Red Attacker | G33: Dark Runner | H33: Dark Attacker | I33: Light Defender | J33: Light Attacker-Defender | K33: Blue-Red-Green Attacker | L33: Light Defender | M33: Red Runner | N33: Light Runner | O33: Red Defender | P33: Red Runner | Q33: Green Defender | R33: Red Attacker | S33: Light Attacker | T33: Red Defender | U33: Green Attacker | V33: Red Defender | W33: Green Defender | X33: Blue Runner | Y33: Red Attacker | Z33: Dark Attacker | AA33: Blue Defender | AB33: Green Runner | AC33: Green Attacker | AD33: Green Defender | AE33: Dark Defender | AF33: Dark Attacker | AG33: Green Defender | AH33: Light Defender | AI33: Green Attacker | AJ33: Blue Runner | AK33: Red Attacker | AL33: Light Runner | AM33: Red Runner | AN33: Dark Attacker | AO33: Red Defender | AP33: Blue Defender | AQ33: Blue Attacker | AR33: Dark Defender | AS33: Light Attacker | AT33: Red Defender | AU33: Green Runner | AV33: Red Runner | AW33: Green Attacker | AX33: Red Defender | AY33: Green Runner | AZ33: Red Runner | BA33: Red Attacker | BB33: Green-Red-Blue Attacker | BC33: Blue Attacker | BD33: Green Runner | BE33: Green Defender | BF33: Blue Runner | BG33: Red Attacker | BH33: Red Defender | BI33: Blue Attacker | BJ33: Blue Runner | BK33: Blue Defender | BL33: Red Defender | BM33: Blue Attacker | BN33: Green Attacker | BO33: Blue Defender | BP33: Red Runner | BQ33: Green Defender | BR33: Green Attacker | BS33: Green Runner | BT33: Green Attacker | BU33: Blue Attacker | BV33: Red Defender | BW33: Red Attacker | BX33: Blue Defender | BY33: Green Runner | BZ33: Blue Defender | CA33: Red Defender | CB33: Green Attacker | CC33: Blue Runner | CD33: Green Runner | CE33: Blue Defender | CF33: Red Defender | CG33: Blue Attacker | CH33: Red Runner | CI33: Blue Attacker | CJ33: Red Attacker | CK33: Red Defender | CL33: Green Defender | CM33: Red Defender | CN33: Blue Attacker | CO33: Blue Defender | CP33: Red Runner | CQ33: Green Attacker | CR33: Red Defender | CS33: Blue Runner | CT33: Red Attacker | CU33: Blue Attacker | CV33: Red Defender | CW33: Blue Attacker | CX33: Green Runner | CY33: Blue Attacker | CZ33: Green Defender | DA33: Green Defender | DB33: Blue Defender | DC33: Red Attacker | DD33: Red Attacker | DE33: Green Defender | DF33: Blue Defender | DG33: Green Attacker | DH33: Green Runner | DI33: Blue Defender | DJ33: Red Attacker | DK33: Blue Defender | DL33: Green Attacker | DM33: Blue Defender | DN33: Blue Attacker | DO33: Red Attacker | DP33: Green Defender | DQ33: Red Runner | DR33: Green Attacker | DS33: Green Attacker | DT33: Blue Runner | DU33: Green Runner | DV33: Blue Defender | DW33: Green Runner | DX33: Blue Attacker | DY33: Green Defender | DZ33: Red Runner | EA33: Blue Defender | EB33: Red Attacker | EC33: Blue Attacker | ED33: Red Defender
A34: Limited Bounty Festival | B34: =COUNTIF(36:36,"*") -> 10 | C34: {=IF(C36:EE36 <> "", IF(VLOOKUP(C36:EE36,'Characters Database'!$E$6:$I45, 5, False) = "", "-", IMAGE(VLOOKUP(C36:EE36,'Characters Database'!$E$6:$I45, 5, False))), )}
C35: {=IF(C36:EE36 <> "", IMAGE(VLOOKUP(C36:EE36,'Characters Database'!$E$6:$K45, 6, False)), )}
C36: =IFERROR(__xludf.DUMMYFUNCTION("TRANSPOSE(QUERY('Characters Database'!A$6:K45, ""Select E Where F = '"" & A34 & ""'""))"),"Happy Halloween Uta") -> Happy Halloween Uta | D36: =IFERROR(__xludf.DUMMYFUNCTION("""COMPUTED_VALUE"""),"Singer of the New Genesis Uta") -> Singer of the New Genesis Uta | E36: =IFERROR(__xludf.DUMMYFUNCTION("""COMPUTED_VALUE"""),"FILM RED Usopp") -> FILM RED Usopp | F36: =IFERROR(__xludf.DUMMYFUNCTION("""COMPUTED_VALUE"""),"FILM RED Yasopp") -> FILM RED Yasopp | G36: =IFERROR(__xludf.DUMMYFUNCTION("""COMPUTED_VALUE"""),"FILM RED Ben Beckman") -> FILM RED Ben Beckman | H36: =IFERROR(__xludf.DUMMYFUNCTION("""COMPUTED_VALUE"""),"FILM RED Uta") -> FILM RED Uta | I36: =IFERROR(__xludf.DUMMYFUNCTION("""COMPUTED_VALUE"""),"FILM GOLD Gild Tesoro") -> FILM GOLD Gild Tesoro | J36: =IFERROR(__xludf.DUMMYFUNCTION("""COMPUTED_VALUE"""),"FILM STRONG WORLD Shiki") -> FILM STRONG WORLD Shiki | K36: =IFERROR(__xludf.DUMMYFUNCTION("""COMPUTED_VALUE"""),"STAMPEDE Boa Hancock") -> STAMPEDE Boa Hancock | L36: =IFERROR(__xludf.DUMMYFUNCTION("""COMPUTED_VALUE"""),"STAMPEDE Douglas Bullet") -> STAMPEDE Douglas Bullet
C37: {=IF(C36:EE36 <> "", VLOOKUP(C36:EE36,'Characters Database'!$E$6:$K45, 7, False), )} -> Dark Runner-Defender | D37: Blue Defender | E37: Red Attacker | F37: Red Defender | G37: Blue Defender | H37: Red Attacker | I37: Blue Attacker | J37: Red Runner | K37: Blue Runner | L37: Blue Attacker
A38: Extreme | B38: =COUNTIF(40:40,"*") -> 31 | C38: {=IF(C40:EE40 <> "", IF(VLOOKUP(C40:EE40,'Characters Database'!$E$6:$I45, 5, False) = "", "-", IMAGE(VLOOKUP(C40:EE40,'Characters Database'!$E$6:$I45, 5, False))), )}
C39: {=IF(C40:EE40 <> "", IMAGE(VLOOKUP(C40:EE40,'Characters Database'!$E$6:$K45, 6, False)), )}
C40: =IFERROR(__xludf.DUMMYFUNCTION("TRANSPOSE(QUERY('Characters Database'!A$6:K45, ""Select E Where F = '"" & A38 & ""'""))"),"The Four Emperors Marshall D. Teach") -> The Four Emperors Marshall D. Teach | D40: =IFERROR(__xludf.DUMMYFUNCTION("""COMPUTED_VALUE"""),"Winner Island Trafalgar Law") -> Winner Island Trafalgar Law | E40: =IFERROR(__xludf.DUMMYFUNCTION("""COMPUTED_VALUE"""),"The Five Elders St. Jaygarcia Saturn") -> The Five Elders St. Jaygarcia Saturn | F40: =IFERROR(__xludf.DUMMYFUNCTION("""COMPUTED_VALUE"""),"The Four Emperors Monkey D. Luffy") -> The Four Emperors Monkey D. Luffy | G40: =IFERROR(__xludf.DUMMYFUNCTION("""COMPUTED_VALUE"""),"Ama no Murakumo Sword Kizaru [Borsalino]") -> Ama no Murakumo Sword Kizaru [Borsalino] | H40: =IFERROR(__xludf.DUMMYFUNCTION("""COMPUTED_VALUE"""),"Flame Emperor Sabo") -> Flame Emperor Sabo | I40: =IFERROR(__xludf.DUMMYFUNCTION("""COMPUTED_VALUE"""),"Blackbeard Pirates Kuzan") -> Blackbeard Pirates Kuzan | J40: =IFERROR(__xludf.DUMMYFUNCTION("""COMPUTED_VALUE"""),"Legendary Hero Monkey D. Garp") -> Legendary Hero Monkey D. Garp | K40: =IFERROR(__xludf.DUMMYFUNCTION("""COMPUTED_VALUE"""),"Divine Departure Shanks") -> Divine Departure Shanks | L40: =IFERROR(__xludf.DUMMYFUNCTION("""COMPUTED_VALUE"""),"Awakened Form Rob Lucci") -> Awakened Form Rob Lucci | M40: =IFERROR(__xludf.DUMMYFUNCTION("""COMPUTED_VALUE"""),"Seraphim S-Snake") -> Seraphim S-Snake | N40: =IFERROR(__xludf.DUMMYFUNCTION("""COMPUTED_VALUE"""),"Great Pirate Gol D. Roger") -> Great Pirate Gol D. Roger | O40: =IFERROR(__xludf.DUMMYFUNCTION("""COMPUTED_VALUE"""),"Great Pirate Edward Newgate") -> Great Pirate Edward Newgate | P40: =IFERROR(__xludf.DUMMYFUNCTION("""COMPUTED_VALUE"""),"Fire Fist Ogre Princess Ace & Yamato") -> Fire Fist Ogre Princess Ace & Yamato | Q40: =IFERROR(__xludf.DUMMYFUNCTION("""COMPUTED_VALUE"""),"Gear Five Monkey D. Luffy") -> Gear Five Monkey D. Luffy | R40: =IFERROR(__xludf.DUMMYFUNCTION("""COMPUTED_VALUE"""),"Battle of Monsters on Onigashima Kid & Law") -> Battle of Monsters on Onigashima Kid & Law | S40: =IFERROR(__xludf.DUMMYFUNCTION("""COMPUTED_VALUE"""),"Okuchi-no-Makami Yamato") -> Okuchi-no-Makami Yamato | T40: =IFERROR(__xludf.DUMMYFUNCTION("""COMPUTED_VALUE"""),"Raid on Onigashima Roronoa Zoro") -> Raid on Onigashima Roronoa Zoro | U40: =IFERROR(__xludf.DUMMYFUNCTION("""COMPUTED_VALUE"""),"Battle of Monsters on Onigashima Kaido") -> Battle of Monsters on Onigashima Kaido | V40: =IFERROR(__xludf.DUMMYFUNCTION("""COMPUTED_VALUE"""),"Battle of Monsters on Onigashima Olin the Oiran") -> Battle of Monsters on Onigashima Olin the Oiran | W40: =IFERROR(__xludf.DUMMYFUNCTION("""COMPUTED_VALUE"""),"FILM RED Shanks") -> FILM RED Shanks | X40: =IFERROR(__xludf.DUMMYFUNCTION("""COMPUTED_VALUE"""),"FILM Z Zephyr") -> FILM Z Zephyr | Y40: =IFERROR(__xludf.DUMMYFUNCTION("""COMPUTED_VALUE"""),"Man Who Dreams of Becoming the King of the Pirates Monkey D. Luffy") -> Man Who Dreams of Becoming the King of the Pirates Monkey D. Luffy | Z40: =IFERROR(__xludf.DUMMYFUNCTION("""COMPUTED_VALUE"""),"The Strongest Creature Alive Kaido") -> The Strongest Creature Alive Kaido | AA40: =IFERROR(__xludf.DUMMYFUNCTION("""COMPUTED_VALUE"""),"Kaido`s Son Yamato") -> Kaido`s Son Yamato | AB40: =IFERROR(__xludf.DUMMYFUNCTION("""COMPUTED_VALUE"""),"Navy HQ / Fleet Admiral Akainu [Sakazuki]") -> Navy HQ / Fleet Admiral Akainu [Sakazuki] | AC40: =IFERROR(__xludf.DUMMYFUNCTION("""COMPUTED_VALUE"""),"King of the Pirates Gol D. Roger") -> King of the Pirates Gol D. Roger | AD40: =IFERROR(__xludf.DUMMYFUNCTION("""COMPUTED_VALUE"""),"Daimyo of Kuri Kozuki Oden") -> Daimyo of Kuri Kozuki Oden | AE40: =IFERROR(__xludf.DUMMYFUNCTION("""COMPUTED_VALUE"""),"Hunger Pangs Charlotte Linlin") -> Hunger Pangs Charlotte Linlin | AF40: =IFERROR(__xludf.DUMMYFUNCTION("""COMPUTED_VALUE"""),"The Four Emperors Shanks") -> The Four Emperors Shanks | AG40: =IFERROR(__xludf.DUMMYFUNCTION("""COMPUTED_VALUE"""),"The Seven Warlords of the Sea Marshall D. Teach") -> The Seven Warlords of the Sea Marshall D. Teach
C41: {=IF(C40:EE40 <> "", VLOOKUP(C40:EE40,'Characters Database'!$E$6:$K45, 7, False), )} -> Dark-Light Attacker | D41: Red Runner | E41: Dark Defender-Runner | F41: Light Runner | G41: Red-Blue-Green Attacker | H41: Green Runner | I41: Green Defender-Attacker | J41: Dark Attacker | K41: Light Runner | L41: Blue Runner-Attacker | M41: Blue Defender | N41: Dark Runner | O41: Light Defender | P41: Red Attacker | Q41: Green Defender-Attacker-Runner | R41: Blue Runner | S41: Blue Attacker | T41: Red-Blue-Green Attacker | U41: Green Runner | V41: Red Defender-Runner | W41: Green Attacker | X41: Green Defender | Y41: Blue Attacker-Runner | Z41: Blue Defender | AA41: Red Runner | AB41: Red Attacker | AC41: Green Attacker | AD41: Green Runner | AE41: Blue Runner | AF41: Blue Attacker | AG41: Red Defender
A42: Cola | B42: =COUNTIF(44:44,"*") -> 5 | C42: {=IF(C44:EE44 <> "", IF(VLOOKUP(C44:EE44,'Characters Database'!$E$6:$I45, 5, False) = "", "-", IMAGE(VLOOKUP(C44:EE44,'Characters Database'!$E$6:$I45, 5, False))), )}
C43: {=IF(C44:EE44 <> "", IMAGE(VLOOKUP(C44:EE44,'Characters Database'!$E$6:$K45, 6, False)), )}
C44: =IFERROR(__xludf.DUMMYFUNCTION("TRANSPOSE(QUERY('Characters Database'!A$6:K45, ""Select E Where F = '"" & A42 & ""'""))"),"Impel Down / Prisoner Bon Clay, aka Mr. 2") -> Impel Down / Prisoner Bon Clay, aka Mr. 2 | D44: =IFERROR(__xludf.DUMMYFUNCTION("""COMPUTED_VALUE"""),"The King of the Snipers Sniper King") -> The King of the Snipers Sniper King | E44: =IFERROR(__xludf.DUMMYFUNCTION("""COMPUTED_VALUE"""),"Imprisoned Bride Nami") -> Imprisoned Bride Nami | F44: =IFERROR(__xludf.DUMMYFUNCTION("""COMPUTED_VALUE"""),"Navy Infiltrator Portgaz D. Ace") -> Navy Infiltrator Portgaz D. Ace | G44: =IFERROR(__xludf.DUMMYFUNCTION("""COMPUTED_VALUE"""),"Impel Down / Prisoner Crocodile") -> Impel Down / Prisoner Crocodile
C45: {=IF(C44:EE44 <> "", VLOOKUP(C44:EE44,'Characters Database'!$E$6:$K45, 7, False), )} -> Blue Runner | D45: Green Runner | E45: Blue Attacker | F45: Red Attacker | G45: Green Defender

Sheet Bounty Colors
E1: {=IF(M:M <> "-", IMAGE(M:M), )} -> #REF! | G1: {=IF(N:N <> "-", IMAGE(N:N), )} -> #REF! | I1: {=IF(O:O <> "-", IMAGE(O:O), )} -> #REF! | K1: {=IF(P:P <> "-", IMAGE(P:P), )} -> #REF!
A2: 341 | B2: =VLOOKUP($A2, 'Characters Database'!$A$2:$E68, 4, FALSE) | C2: =VLOOKUP($A2, 'Characters Database'!$A$2:$E68, 5, FALSE) -> The Four Emperors Marshall D. Teach | D2: BC A S 169 26-02-01 | E2: =IF(M2 <> "-", IMAGE(M2), ) | F2: BC B S 169 26-02-01 | G2: =IF(N2 <> "-", IMAGE(N2), ) | H2: BC C S 169 26-02-01 | I2: =IF(O2 <> "-", IMAGE(O2), ) | J2: BC D S 169 26-02-01 | K2: =IF(P2 <> "-", IMAGE(P2), ) | M2: https://i.postimg.cc/kX3sHzZ6/340-ASL-Ace-Sabo-Luffy-Bounty-Color-1.png | N2: https://i.postimg.cc/Prsy79cZ/340-ASL-Ace-Sabo-Luffy-Bounty-Color-2.png | O2: https://i.postimg.cc/xTD5Zh7N/340-ASL-Ace-Sabo-Luffy-Bounty-Color-3.png | P2: https://i.postimg.cc/28RGtMJW/340-ASL-Ace-Sabo-Luffy-Bounty-Color-4.png
A3: 340 | B3: =VLOOKUP($A3, 'Characters Database'!$A$2:$E68, 4, FALSE) | C3: =VLOOKUP($A3, 'Characters Database'!$A$2:$E68, 5, FALSE) -> ASL Ace & Sabo & Luffy | D3: BC A S 169 26-02-01 | E3: =IF(M3 <> "-", IMAGE(M3), ) | F3: BC B S 169 26-02-01 | G3: =IF(N3 <> "-", IMAGE(N3), ) | H3: BC C S 169 26-02-01 | I3: =IF(O3 <> "-", IMAGE(O3), ) | J3: BC D S 169 26-02-01 | K3: =IF(P3 <> "-", IMAGE(P3), ) | M3: https://i.postimg.cc/pXbCS47f/341-The-Four-Emperors-Marshall-D-Teach-Bounty-Color-1.png | N3: https://i.postimg.cc/MK25LN40/341-The-Four-Emperors-Marshall-D-Teach-Bounty-Color-2.png | O3: https://i.postimg.cc/Prsy79cR/341-The-Four-Emperors-Marshall-D-Teach-Bounty-Color-3.png | P3: https://i.postimg.cc/qMVwFSYF/341-The-Four-Emperors-Marshall-D-Teach-Bounty-Color-4.png
A4: 339 | B4: =VLOOKUP($A4, 'Characters Database'!$A$2:$E68, 4, FALSE) | C4: =VLOOKUP($A4, 'Characters Database'!$A$2:$E68, 5, FALSE) -> Winner Island Trafalgar Law | D4: BC A S 167 26-01-01 | E4: =IF(M4 <> "-", IMAGE(M4), ) | F4: BC B S 167 26-01-01 | G4: =IF(N4 <> "-", IMAGE(N4), ) | H4: BC C S 167 26-01-01 | I4: =IF(O4 <> "-", IMAGE(O4), ) | K4: =IF(P4 <> "-", IMAGE(P4), ) | M4: https://i.postimg.cc/NM8kv4PP/339-Winner-Island-Trafalgar-Law-Bounty-Color-1.png | N4: https://i.postimg.cc/MT0mJDr3/339-Winner-Island-Trafalgar-Law-Bounty-Color-2.png | O4: https://i.postimg.cc/FRXV6qG2/339-Winner-Island-Trafalgar-Law-Bounty-Color-3.png | P4: -
A5: 338 | B5: =VLOOKUP($A5, 'Characters Database'!$A$2:$E68, 4, FALSE) | C5: =VLOOKUP($A5, 'Characters Database'!$A$2:$E68, 5, FALSE) -> Winner Island Bepo | D5: BC A S 167 26-01-01 | E5: =IF(M5 <> "-", IMAGE(M5), ) | F5: BC B S 167 26-01-01 | G5: =IF(N5 <> "-", IMAGE(N5), ) | H5: BC C S 167 26-01-01 | I5: =IF(O5 <> "-", IMAGE(O5), ) | K5: =IF(P5 <> "-", IMAGE(P5), ) | M5: https://i.postimg.cc/wvYQrPFZ/338-Winner-Island-Bepo-Bounty-Color-1.png | N5: https://i.postimg.cc/C1ps2tJ2/338-Winner-Island-Bepo-Bounty-Color-2.png | O5: https://i.postimg.cc/26N7tJTJ/338-Winner-Island-Bepo-Bounty-Color-3.png | P5: -
A6: 336 | B6: =VLOOKUP($A6, 'Characters Database'!$A$2:$E68, 4, FALSE) | C6: =VLOOKUP($A6, 'Characters Database'!$A$2:$E68, 5, FALSE) -> Father and Daughter Kuma & Bonney | D6: BC A S 165 25-12-01 S 167 26-01-01 | E6: =IF(M6 <> "-", IMAGE(M6), ) | H6: BC B S 165 25-12-01 S 167 26-01-01 | I6: =IF(N6 <> "-", IMAGE(N6), ) | M6: https://i.postimg.cc/fyhqxy6X/336-Father-and-Daughter-Kuma-Bonney-Bounty-Color-1.png | N6: https://i.postimg.cc/Y0fn8kH4/336-Father-and-Daughter-Kuma-Bonney-Bounty-Color-2.png | O6: - | P6: -
D7: BC C S 165 25-12-01 S 167 26-01-01 | E7: =IF(M7 <> "-", IMAGE(M7), ) | K7: https://i.postimg.cc/pXbCS47f/341-The-Four-Emperors-Marshall-D-Teach-Bounty-Color-1.png | M7: https://i.postimg.cc/qqdD8q9y/336-Father-and-Daughter-Kuma-Bonney-Bounty-Color-3.png | N7: - | O7: - | P7: -
A8: 335 | B8: =VLOOKUP($A8, 'Characters Database'!$A$2:$E68, 4, FALSE) | C8: =VLOOKUP($A8, 'Characters Database'!$A$2:$E68, 5, FALSE) -> Egghead Jinbe | D8: BC A S 165 25-12-01 S 167 26-01-01 | E8: =IF(M8 <> "-", IMAGE(M8), ) | F8: BC B S 165 25-12-01 S 167 26-01-01 | G8: =IF(N8 <> "-", IMAGE(N8), ) | H8: BC C S 165 25-12-01 S 167 26-01-01 | I8: =IF(O8 <> "-", IMAGE(O8), ) | K8: https://i.postimg.cc/MK25LN40/341-The-Four-Emperors-Marshall-D-Teach-Bounty-Color-2.png | M8: https://i.postimg.cc/3w0RnQGL/335-Egghead-Jimbie-Bounty-Color-1.png | N8: https://i.postimg.cc/SKYsDb9v/335-Egghead-Jimbie-Bounty-Color-2.png | O8: https://i.postimg.cc/fbSLBQdp/335-Egghead-Jimbie-Bounty-Color-3.png | P8: -
A9: 334 | B9: =VLOOKUP($A9, 'Characters Database'!$A$2:$E68, 4, FALSE) | C9: =VLOOKUP($A9, 'Characters Database'!$A$2:$E68, 5, FALSE) -> Egghead Franky | D9: BC A S 163 25-11-01 S 167 26-01-01 | E9: =IF(M9 <> "-", IMAGE(M9), ) | F9: BC B S 163 25-11-01 S 167 26-01-01 | G9: =IF(N9 <> "-", IMAGE(N9), ) | H9: BC C S 163 25-11-01 S 167 26-01-01 | I9: =IF(O9 <> "-", IMAGE(O9), ) | K9: https://i.postimg.cc/Prsy79cR/341-The-Four-Emperors-Marshall-D-Teach-Bounty-Color-3.png | M9: https://i.postimg.cc/Nfw9hhRf/334-Egghead-Franky-Bounty-Color-1.png | N9: https://i.postimg.cc/vHdgRR5Z/334-Egghead-Franky-Bounty-Color-2.png | O9: https://i.postimg.cc/RVz6rrKY/334-Egghead-Franky-Bounty-Color-3.png | P9: -
A10: 332 | B10: =VLOOKUP($A10, 'Characters Database'!$A$2:$E68, 4, FALSE) | C10: =VLOOKUP($A10, 'Characters Database'!$A$2:$E68, 5, FALSE) -> Egghead Nico Robin | D10: BC A S 161 25-10-01 S 167 26-01-01 | E10: =IF(M10 <> "-", IMAGE(M10), ) | F10: BC B S 161 25-10-01 S 167 26-01-01 | G10: =IF(N10 <> "-", IMAGE(N10), ) | H10: BC C S 161 25-10-01 S 167 26-01-01 | I10: =IF(O10 <> "-", IMAGE(O10), ) | K10: https://i.postimg.cc/qMVwFSYF/341-The-Four-Emperors-Marshall-D-Teach-Bounty-Color-4.png | M10: https://i.postimg.cc/q7BV8c0J/332-Egghead-Nico-Robin-Bounty-Color-A.png | N10: https://i.postimg.cc/zfDZnw5V/332-Egghead-Nico-Robin-Bounty-Color-B.png | O10: https://i.postimg.cc/d0QP8Rvh/332-Egghead-Nico-Robin-Bounty-Color-C.png | P10: -
A11: 331 | B11: =VLOOKUP($A11, 'Characters Database'!$A$2:$E68, 4, FALSE) | C11: =VLOOKUP($A11, 'Characters Database'!$A$2:$E68, 5, FALSE) -> Egghead Tony Tony Chopper | D11: BC A S 161 25-10-01 S 167 26-01-01 | E11: =IF(M11 <> "-", IMAGE(M11), ) | F11: BC B S 161 25-10-01 S 167 26-01-01 | G11: =IF(N11 <> "-", IMAGE(N11), ) | H11: BC C S 161 25-10-01 S 167 26-01-01 | I11: =IF(O11 <> "-", IMAGE(O11), ) | K11: =IF(P11 <> "-", IMAGE(P11), ) | M11: https://i.postimg.cc/3xFQ4fM0/331-Egghead-Tony-Tony-Chopper-Bounty-Color-A.png | N11: https://i.postimg.cc/jS4Yw3VL/331-Egghead-Tony-Tony-Chopper-Bounty-Color-B.png | O11: https://i.postimg.cc/BvZ9x5sZ/331-Egghead-Tony-Tony-Chopper-Bounty-Color-C.png | P11: -
A12: 330 | B12: =VLOOKUP($A12, 'Characters Database'!$A$2:$E68, 4, FALSE) | C12: =VLOOKUP($A12, 'Characters Database'!$A$2:$E68, 5, FALSE) -> Egghead Brook | D12: BC A S 163 25-11-01 S 167 26-01-01 | E12: =IF(M12 <> "-", IMAGE(M12), ) | F12: BC B S 163 25-11-01 S 167 26-01-01 | G12: =IF(N12 <> "-", IMAGE(N12), ) | H12: BC C S 163 25-11-01 S 167 26-01-01 | I12: =IF(O12 <> "-", IMAGE(O12), ) | K12: =IF(P12 <> "-", IMAGE(P12), ) | M12: https://i.postimg.cc/Nfw9hhmC/330-Egghead-Brook-Bounty-Color-1.png | N12: https://i.postimg.cc/tCHZ00Ww/330-Egghead-Brook-Bounty-Color-2.png | O12: https://i.postimg.cc/KvykXXBV/330-Egghead-Brook-Bounty-Color-3.png | P12: -
A13: 328 | B13: =VLOOKUP($A13, 'Characters Database'!$A$2:$E68, 4, FALSE) | C13: =VLOOKUP($A13, 'Characters Database'!$A$2:$E68, 5, FALSE) -> Egghead Usopp | D13: BC A S 159 25-09-01 S 167 26-01-01 | E13: =IF(M13 <> "-", IMAGE(M13), ) | F13: BC B S 159 25-09-01 S 167 26-01-01 | G13: =IF(N13 <> "-", IMAGE(N13), ) | H13: BC C S 159 25-09-01 S 167 26-01-01 | I13: =IF(O13 <> "-", IMAGE(O13), ) | J13: BC D S 159 25-09-01 S 167 26-01-01 | K13: =IF(P13 <> "-", IMAGE(P13), ) | M13: https://i.postimg.cc/8k4mNVNL/327-Egghead-Usopp-Bounty-Color-1.png | N13: https://i.postimg.cc/SNK7Ktx3/327-Egghead-Usopp-Bounty-Color-2.png | O13: https://i.postimg.cc/DyYQ4dWZ/327-Egghead-Usopp-Bounty-Color-3.png | P13: https://i.postimg.cc/htzLLzx0/327-Egghead-Usopp-Bounty-Color-4.png
A14: 327 | B14: =VLOOKUP($A14, 'Characters Database'!$A$2:$E68, 4, FALSE) | C14: =VLOOKUP($A14, 'Characters Database'!$A$2:$E68, 5, FALSE) -> Egghead Nami | D14: BC A S 159 25-09-01 S 167 26-01-01 | E14: =IF(M14 <> "-", IMAGE(M14), ) | F14: BC B S 159 25-09-01 S 167 26-01-01 | G14: =IF(N14 <> "-", IMAGE(N14), ) | H14: BC C S 159 25-09-01 S 167 26-01-01 | I14: =IF(O14 <> "-", IMAGE(O14), ) | J14: BC D S 159 25-09-01 S 167 26-01-01 | K14: =IF(P14 <> "-", IMAGE(P14), ) | M14: https://i.postimg.cc/9f9BhRQf/327-Egghead-Nami-Bounty-Color-1.png | N14: https://i.postimg.cc/V6cWLfJW/327-Egghead-Nami-Bounty-Color-2.png | O14: https://i.postimg.cc/0jkGDVd6/327-Egghead-Nami-Bounty-Color-3.png | P14: https://i.postimg.cc/zBSSysWZ/327-Egghead-Nami-Bounty-Color-4.png
A15: 326 | B15: =VLOOKUP($A15, 'Characters Database'!$A$2:$E68, 4, FALSE) | C15: =VLOOKUP($A15, 'Characters Database'!$A$2:$E68, 5, FALSE) -> Blind Swordsman Fujitora [Issho] | D15: BC A S 157 25-07-29 | E15: =IF(M15 <> "-", IMAGE(M15), ) | F15: BC B S 157 25-07-29 | G15: =IF(N15 <> "-", IMAGE(N15), ) | H15: BC C S 157 25-07-29 | I15: =IF(O15 <> "-", IMAGE(O15), ) | J15: BC D S 157 25-07-29 | K15: =IF(P15 <> "-", IMAGE(P15), ) | M15: https://i.postimg.cc/gcD0kNPk/326-Blind-Swordsman-Fujitora-Issho-Bounty-Color-1.png | N15: https://i.postimg.cc/NjVFvFv6/326-Blind-Swordsman-Fujitora-Issho-Bounty-Color-2.png | O15: https://i.postimg.cc/K84jWLwc/326-Blind-Swordsman-Fujitora-Issho-Bounty-Color-3.png | P15: https://i.postimg.cc/cH7L3cgh/326-Blind-Swordsman-Fujitora-Issho-Bounty-Color-4.png
A16: 325 | B16: =VLOOKUP($A16, 'Characters Database'!$A$2:$E68, 4, FALSE) | C16: =VLOOKUP($A16, 'Characters Database'!$A$2:$E68, 5, FALSE) -> Groves of Wrath Ryokugyu [Aramaki] | D16: BC A S 155 25-07-01 | E16: =IF(M16 <> "-", IMAGE(M16), ) | F16: BC B S 155 25-07-01 | G16: =IF(N16 <> "-", IMAGE(N16), ) | H16: BC C S 155 25-07-01 | I16: =IF(O16 <> "-", IMAGE(O16), ) | J16: BC D S 155 25-07-01 | K16: =IF(P16 <> "-", IMAGE(P16), ) | M16: https://i.postimg.cc/7YdfGCgS/325-Groves-of-Wrath-Ryokugyu-Aramaki-Bounty-Color-A.png | N16: https://i.postimg.cc/25fyGP96/325-Groves-of-Wrath-Ryokugyu-Aramaki-Bounty-Color-B.png | O16: https://i.postimg.cc/6pZTd90g/325-Groves-of-Wrath-Ryokugyu-Aramaki-Bounty-Color-C.png | P16: https://i.postimg.cc/B6S6920f/325-Groves-of-Wrath-Ryokugyu-Aramaki-Bounty-Color-D.png
A17: 324 | B17: =VLOOKUP($A17, 'Characters Database'!$A$2:$E68, 4, FALSE) | C17: =VLOOKUP($A17, 'Characters Database'!$A$2:$E68, 5, FALSE) -> Ama no Murakumo Sword Kizaru [Borsalino] | D17: BC A S 155 25-07-01 S 167 26-01-01 | E17: =IF(M17 <> "-", IMAGE(M17), ) | F17: BC B S 155 25-07-01 S 167 26-01-01 | G17: =IF(N17 <> "-", IMAGE(N17), ) | H17: BC C S 155 25-07-01 S 167 26-01-01 | I17: =IF(O17 <> "-", IMAGE(O17), ) | J17: BC D S 155 25-07-01 S 167 26-01-01 | K17: =IF(P17 <> "-", IMAGE(P17), ) | M17: https://i.postimg.cc/DZ6S8Bgz/324-Ama-no-Murakumo-Sword-Kizaru-Borsalino-Bounty-Color-A.png | N17: https://i.postimg.cc/nrLC7BRG/324-Ama-no-Murakumo-Sword-Kizaru-Borsalino-Bounty-Color-B.png | O17: https://i.postimg.cc/cC56cCPy/324-Ama-no-Murakumo-Sword-Kizaru-Borsalino-Bounty-Color-C.png | P17: https://i.postimg.cc/qBmtrDqb/324-Ama-no-Murakumo-Sword-Kizaru-Borsalino-Bounty-Color-D.png
A18: 317 | B18: =VLOOKUP($A18, 'Characters Database'!$A$2:$E68, 4, FALSE) | C18: =VLOOKUP($A18, 'Characters Database'!$A$2:$E68, 5, FALSE) -> Clear-Clear Fruit Shiryu | D18: BC A S 151 25-05-01 S 167 26-01-01 | E18: =IF(M18 <> "-", IMAGE(M18), ) | F18: BC B S 151 25-05-01 S 167 26-01-01 | G18: =IF(N18 <> "-", IMAGE(N18), ) | H18: BC C S 151 25-05-01 S 167 26-01-01 | I18: =IF(O18 <> "-", IMAGE(O18), ) | K18: =IF(P18 <> "-", IMAGE(P18), ) | M18: https://i.postimg.cc/43C7MKyX/317-Clear-Clear-Fruit-Shiryu-Bounty-Color-A.png | N18: https://i.postimg.cc/nLvjtH9B/317-Clear-Clear-Fruit-Shiryu-Bounty-Color-B.png | O18: https://i.postimg.cc/26rqkPnJ/317-Clear-Clear-Fruit-Shiryu-Bounty-Color-C.png | P18: -
A19: 316 | B19: =VLOOKUP($A19, 'Characters Database'!$A$2:$E68, 4, FALSE) | C19: =VLOOKUP($A19, 'Characters Database'!$A$2:$E68, 5, FALSE) -> Strong-Strong Fruit Jesus Burgess | D19: BC A S 151 25-05-01 S 167 26-01-01 | E19: =IF(M19 <> "-", IMAGE(M19), ) | F19: BC B S 151 25-05-01 S 167 26-01-01 | G19: =IF(N19 <> "-", IMAGE(N19), ) | H19: BC C S 151 25-05-01 S 167 26-01-01 | I19: =IF(O19 <> "-", IMAGE(O19), ) | K19: =IF(P19 <> "-", IMAGE(P19), ) | M19: https://i.postimg.cc/yYdZS42C/316-Strong-Strong-Fruit-Jesus-Burgess-Bounty-Color-A.png | N19: https://i.postimg.cc/jdFJH3rw/316-Strong-Strong-Fruit-Jesus-Burgess-Bounty-Color-B.png | O19: https://i.postimg.cc/RZJJX1MP/316-Strong-Strong-Fruit-Jesus-Burgess-Bounty-Color-C.png | P19: -
A20: 312 | B20: =VLOOKUP($A20, 'Characters Database'!$A$2:$E68, 4, FALSE) | C20: =VLOOKUP($A20, 'Characters Database'!$A$2:$E68, 5, FALSE) -> Flame Emperor Sabo | D20: BC A S 147 25-03-01 S 167 26-01-01 | E20: =IF(M20 <> "-", IMAGE(M20), ) | F20: BC B S 147 25-03-01 S 167 26-01-01 | G20: =IF(N20 <> "-", IMAGE(N20), ) | H20: BC C S 147 25-03-01 S 167 26-01-01 | I20: =IF(O20 <> "-", IMAGE(O20), ) | K20: =IF(P20 <> "-", IMAGE(P20), ) | M20: https://i.postimg.cc/FRVL099N/312-Flame-Emperor-Sabo-Bounty-Color-A.png | N20: https://i.postimg.cc/QC6Kn09z/312-Flame-Emperor-Sabo-Bounty-Color-B.png | O20: https://i.postimg.cc/59pz0N7m/312-Flame-Emperor-Sabo-Bounty-Color-C.png | P20: -
A21: 310 | B21: =VLOOKUP($A21, 'Characters Database'!$A$2:$E68, 4, FALSE) | C21: =VLOOKUP($A21, 'Characters Database'!$A$2:$E68, 5, FALSE) -> Blackbeard Pirates Kuzan | D21: BC A S 151 25-05-01 S 167 26-01-01 | E21: =IF(M21 <> "-", IMAGE(M21), ) | F21: BC B S 151 25-05-01 S 167 26-01-01 | G21: =IF(N21 <> "-", IMAGE(N21), ) | H21: BC C S 151 25-05-01 S 167 26-01-01 | I21: =IF(O21 <> "-", IMAGE(O21), ) | K21: =IF(P21 <> "-", IMAGE(P21), ) | M21: https://i.postimg.cc/dQnWYFGb/310-Blackbeard-Pirates-Kuzan-Bounty-Color-A.png | N21: https://i.postimg.cc/Wb35pynh/310-Blackbeard-Pirates-Kuzan-Bounty-Color-B.png | O21: https://i.postimg.cc/Y02m3J9g/310-Blackbeard-Pirates-Kuzan-Bounty-Color-C.png | P21: -
A22: 309 | B22: =VLOOKUP($A22, 'Characters Database'!$A$2:$E68, 4, FALSE) | C22: =VLOOKUP($A22, 'Characters Database'!$A$2:$E68, 5, FALSE) -> Navy HQ / Captain Koby | D22: BC A S 149 25-04-01 S 167 26-01-01 | E22: =IF(M22 <> "-", IMAGE(M22), ) | F22: BC B S 149 25-04-01 S 167 26-01-01 | G22: =IF(N22 <> "-", IMAGE(N22), ) | H22: BC C S 149 25-04-01 S 167 26-01-01 | I22: =IF(O22 <> "-", IMAGE(O22), ) | K22: =IF(P22 <> "-", IMAGE(P22), ) | M22: https://i.postimg.cc/V6WK5Qpb/309-Navy-HQ-Captain-Koby-Bounty-Color-A.png | N22: https://i.postimg.cc/90XJ7gHg/309-Navy-HQ-Captain-Koby-Bounty-Color-B.png | O22: https://i.postimg.cc/7hBXM1xH/309-Navy-HQ-Captain-Koby-Bounty-Color-C.png | P22: -
A23: 308 | B23: =VLOOKUP($A23, 'Characters Database'!$A$2:$E68, 4, FALSE) | C23: =VLOOKUP($A23, 'Characters Database'!$A$2:$E68, 5, FALSE) -> Legendary Hero Monkey D. Garp | D23: BC A S 145 25-01-01 S 167 26-01-01 | E23: =IF(M23 <> "-", IMAGE(M23), ) | F23: BC B S 145 25-01-01 S 167 26-01-01 | G23: =IF(N23 <> "-", IMAGE(N23), ) | H23: BC C S 145 25-01-01 S 167 26-01-01 | I23: =IF(O23 <> "-", IMAGE(O23), ) | J23: BC D S 145 25-01-01 S 167 26-01-01 | K23: =IF(P23 <> "-", IMAGE(P23), ) | M23: https://i.postimg.cc/VkJZghr3/308-Legendary-Hero-Monkey-D-Garp-Bounty-Color-A.png | N23: https://i.postimg.cc/htNy50Vh/308-Legendary-Hero-Monkey-D-Garp-Bounty-Color-B.png | O23: https://i.postimg.cc/QM54GWqm/308-Legendary-Hero-Monkey-D-Garp-Bounty-Color-C.png | P23: https://i.postimg.cc/DZTC2yjT/308-Legendary-Hero-Monkey-D-Garp-Bounty-Color-D.png
A24: 306 | B24: =VLOOKUP($A24, 'Characters Database'!$A$2:$E68, 4, FALSE) | C24: =VLOOKUP($A24, 'Characters Database'!$A$2:$E68, 5, FALSE) -> Egghead Jewelry Bonney | D24: BC A S 147 25-01-27 S 167 26-01-01 | E24: =IF(M24 <> "-", IMAGE(M24), ) | F24: BC B S 147 25-01-27 S 167 26-01-01 | G24: =IF(N24 <> "-", IMAGE(N24), ) | H24: BC C S 147 25-01-27 S 167 26-01-01 | I24: =IF(O24 <> "-", IMAGE(O24), ) | J24: BC D S 153 25-06-02 S 167 26-01-01 | K24: =IF(P24 <> "-", IMAGE(P24), ) | M24: https://i.postimg.cc/brLVVcRj/306-Egghead-Jewelry-Bonney-Bounty-Color-A.png | N24: https://i.postimg.cc/ZYLQ5pzD/306-Egghead-Jewelry-Bonney-Bounty-Color-B.png | O24: https://i.postimg.cc/RVVD6hMC/306-Egghead-Jewelry-Bonney-Bounty-Color-C.png | P24: https://i.postimg.cc/tCSmhbT3/306-Egghead-Jewelry-Bonney-Bounty-Color-D.png
A25: 305 | B25: =VLOOKUP($A25, 'Characters Database'!$A$2:$E68, 4, FALSE) | C25: =VLOOKUP($A25, 'Characters Database'!$A$2:$E68, 5, FALSE) -> Egghead Sanji | D25: BC A S 153 25-06-02 S 167 26-01-01 | E25: =IF(M25 <> "-", IMAGE(M25), ) | F25: BC B S 153 25-06-02 S 167 26-01-01 | G25: =IF(N25 <> "-", IMAGE(N25), ) | H25: BC C S 153 25-06-02 S 167 26-01-01 | I25: =IF(O25 <> "-", IMAGE(O25), ) | K25: =IF(P25 <> "-", IMAGE(P25), ) | M25: https://i.postimg.cc/FR567xKw/305-Egghead-Sanji-Bounty-Color-A.png | N25: https://i.postimg.cc/qRs5nChq/305-Egghead-Sanji-Bounty-Color-B.png | O25: https://i.postimg.cc/L5m0V6LT/305-Egghead-Sanji-Bounty-Color-C.png | P25: -
A26: 300 | B26: =VLOOKUP($A26, 'Characters Database'!$A$2:$E68, 4, FALSE) | C26: =VLOOKUP($A26, 'Characters Database'!$A$2:$E68, 5, FALSE) -> Punk-02 Lilith | D26: BC A S 147 25-01-27 S 167 26-01-01 | E26: =IF(M26 <> "-", IMAGE(M26), ) | F26: BC B S 147 25-01-27 S 167 26-01-01 | G26: =IF(N26 <> "-", IMAGE(N26), ) | H26: BC C S 147 25-01-27 S 167 26-01-01 | I26: =IF(O26 <> "-", IMAGE(O26), ) | K26: =IF(P26 <> "-", IMAGE(P26), ) | M26: https://i.postimg.cc/mgkJqDqp/300-Punk-02-Lilith-Bounty-Color-A.png | N26: https://i.postimg.cc/fRPphsQz/300-Punk-02-Lilith-Bounty-Color-B.png | O26: https://i.postimg.cc/5tFG4rfw/300-Punk-02-Lilith-Bounty-Color-C.png | P26: -
A27: 298 | B27: =VLOOKUP($A27, 'Characters Database'!$A$2:$E68, 4, FALSE) | C27: =VLOOKUP($A27, 'Characters Database'!$A$2:$E68, 5, FALSE) -> The Red Broggy | D27: BC A S 149 25-04-01 S 167 26-01-01 | E27: =IF(M27 <> "-", IMAGE(M27), ) | F27: BC B S 149 25-04-01 S 167 26-01-01 | G27: =IF(N27 <> "-", IMAGE(N27), ) | I27: =IF(O27 <> "-", IMAGE(O27), ) | K27: =IF(P27 <> "-", IMAGE(P27), ) | M27: https://i.postimg.cc/J419NKQL/298-The-Red-Broggy-Bounty-Color-A.png | N27: https://i.postimg.cc/jdZBZN8J/298-The-Red-Broggy-Bounty-Color-B.png | O27: - | P27: -
A28: 297 | B28: =VLOOKUP($A28, 'Characters Database'!$A$2:$E68, 4, FALSE) | C28: =VLOOKUP($A28, 'Characters Database'!$A$2:$E68, 5, FALSE) -> The Blue Dorry | D28: BC A S 149 25-04-01 S 167 26-01-01 | E28: =IF(M28 <> "-", IMAGE(M28), ) | F28: BC B S 149 25-04-01 S 167 26-01-01 | G28: =IF(N28 <> "-", IMAGE(N28), ) | I28: =IF(O28 <> "-", IMAGE(O28), ) | K28: =IF(P28 <> "-", IMAGE(P28), ) | M28: https://i.postimg.cc/cCcPq802/297-The-Blue-Dorry-Bounty-Color-A.png | N28: https://i.postimg.cc/ryGBR7xj/297-The-Blue-Dorry-Bounty-Color-B.png | O28: - | P28: -
A29: 296 | B29: =VLOOKUP($A29, 'Characters Database'!$A$2:$E68, 4, FALSE) | C29: =VLOOKUP($A29, 'Characters Database'!$A$2:$E68, 5, FALSE) -> Divine Departure Shanks | D29: BC A S 137 24-10-01 S 167 26-01-01 | E29: =IF(M29 <> "-", IMAGE(M29), ) | F29: BC B S 137 24-10-01 S 167 26-01-01 | G29: =IF(N29 <> "-", IMAGE(N29), ) | H29: BC C S 147 25-03-01 S 167 26-01-01 | I29: =IF(O29 <> "-", IMAGE(O29), ) | K29: =IF(P29 <> "-", IMAGE(P29), ) | M29: https://i.postimg.cc/Jh9fjLp6/296-Divine-Departure-Shanks-Bounty-Color-A.png | N29: https://i.postimg.cc/MTVhDF4W/296-Divine-Departure-Shanks-Bounty-Color-B.png | O29: https://i.postimg.cc/sxzb0Jd5/296-Divine-Departure-Shanks-Bounty-Color-C.png | P29: -
A30: 289 | B30: =VLOOKUP($A30, 'Characters Database'!$A$2:$E68, 4, FALSE) | C30: =VLOOKUP($A30, 'Characters Database'!$A$2:$E68, 5, FALSE) -> Egghead Roronoa Zoro | D30: BC A S 153 25-06-02 S 167 26-01-01 | E30: =IF(M30 <> "-", IMAGE(M30), ) | F30: BC B S 153 25-06-02 S 167 26-01-01 | G30: =IF(N30 <> "-", IMAGE(N30), ) | H30: BC C S 153 25-06-02 S 167 26-01-01 | I30: =IF(O30 <> "-", IMAGE(O30), ) | K30: =IF(P30 <> "-", IMAGE(P30), ) | M30: https://i.postimg.cc/nc2fgNLr/289-Egghead-Roronoa-Zoro-Bounty-Color-A.png | N30: https://i.postimg.cc/pL1bX8zt/289-Egghead-Roronoa-Zoro-Bounty-Color-B.png | O30: https://i.postimg.cc/1znxgtrV/289-Egghead-Roronoa-Zoro-Bounty-Color-C.png | P30: -
A31: 287 | B31: =VLOOKUP($A31, 'Characters Database'!$A$2:$E68, 4, FALSE) | C31: =VLOOKUP($A31, 'Characters Database'!$A$2:$E68, 5, FALSE) -> Egghead Monkey D. Luffy | D31: BC A S 147 25-01-27 S 167 26-01-01 | E31: =IF(M31 <> "-", IMAGE(M31), ) | F31: BC B S 147 25-01-27 S 167 26-01-01 | G31: =IF(N31 <> "-", IMAGE(N31), ) | H31: BC C S 147 25-01-27 S 167 26-01-01 | I31: =IF(O31 <> "-", IMAGE(O31), ) | K31: =IF(P31 <> "-", IMAGE(P31), ) | M31: https://i.postimg.cc/fLdhPL3Q/287-Egghead-Monkey-D-Luffy-Bounty-Color-A.png | N31: https://i.postimg.cc/J0WWCLJD/287-Egghead-Monkey-D-Luffy-Bounty-Color-B.png | O31: https://i.postimg.cc/5yqWxRqP/287-Egghead-Monkey-D-Luffy-Bounty-Color-C.png | P31: -
A32: 279 | B32: =VLOOKUP($A32, 'Characters Database'!$A$2:$E68, 4, FALSE) | C32: =VLOOKUP($A32, 'Characters Database'!$A$2:$E68, 5, FALSE) -> Great Pirate Gol D. Roger | D32: BC A S 145 25-01-01 | E32: =IF(M32 <> "-", IMAGE(M32), ) | F32: BC B S 145 25-01-01 | G32: =IF(N32 <> "-", IMAGE(N32), ) | I32: =IF(O32 <> "-", IMAGE(O32), ) | K32: =IF(P32 <> "-", IMAGE(P32), ) | M32: https://i.postimg.cc/7ZBDGjvd/279-Great-Pirate-Gol-D-Roger-Bounty-Color-A.png | N32: https://i.postimg.cc/5tTVpv2m/279-Great-Pirate-Gol-D-Roger-Bounty-Color-B.png | O32: - | P32: -
A33: 276 | B33: =VLOOKUP($A33, 'Characters Database'!$A$2:$E68, 4, FALSE) | C33: =VLOOKUP($A33, 'Characters Database'!$A$2:$E68, 5, FALSE) -> Great Pirate Edward Newgate | D33: BC A S 135 24-09-01 | E33: =IF(M33 <> "-", IMAGE(M33), ) | G33: =IF(N33 <> "-", IMAGE(N33), ) | I33: =IF(O33 <> "-", IMAGE(O33), ) | K33: =IF(P33 <> "-", IMAGE(P33), ) | M33: https://i.postimg.cc/xT39Yc60/276-Great-Pirate-Edward-Newgate-Bounty-Color-A.png | N33: - | O33: - | P33: -
A34: 275 | B34: =VLOOKUP($A34, 'Characters Database'!$A$2:$E68, 4, FALSE) | C34: =VLOOKUP($A34, 'Characters Database'!$A$2:$E68, 5, FALSE) -> Fire Fist Ogre Princess Ace & Yamato | D34: BC A S 131 24-07-01 | E34: =IF(M34 <> "-", IMAGE(M34), ) | I34: =IF(N34 <> "-", IMAGE(N34), ) | M34: https://i.postimg.cc/Y01Mv9kz/275-Fire-Fist-Ogre-Princess-Ace-Yamato-Bounty-Color-A.png | N34: - | O34: - | P34: -
A35: 274 | B35: =VLOOKUP($A35, 'Characters Database'!$A$2:$E68, 4, FALSE) | C35: =VLOOKUP($A35, 'Characters Database'!$A$2:$E68, 5, FALSE) -> Shogun of Wano Kozuki Momonosuke | D35: BC A S 131 24-07-01 | E35: =IF(M35 <> "-", IMAGE(M35), ) | G35: =IF(N35 <> "-", IMAGE(N35), ) | I35: =IF(O35 <> "-", IMAGE(O35), ) | K35: =IF(P35 <> "-", IMAGE(P35), ) | M35: https://i.postimg.cc/gj9GcR90/274-Shogun-of-Wano-Kozuki-Momonosuke-Bounty-Color-A.png | N35: - | O35: - | P35: -
A36: 271 | B36: =VLOOKUP($A36, 'Characters Database'!$A$2:$E68, 4, FALSE) | C36: =VLOOKUP($A36, 'Characters Database'!$A$2:$E68, 5, FALSE) -> Raid on Onigashima Franky | D36: BC A S 125 24-04-01 S 129 24-06-01 | E36: =IF(M36 <> "-", IMAGE(M36), ) | G36: =IF(N36 <> "-", IMAGE(N36), ) | I36: =IF(O36 <> "-", IMAGE(O36), ) | K36: =IF(P36 <> "-", IMAGE(P36), ) | M36: https://i.postimg.cc/LXgHMDb7/271-Raid-on-Onigashima-Franky-Bounty-Color-A.png | N36: - | O36: - | P36: -
A37: 270 | B37: =VLOOKUP($A37, 'Characters Database'!$A$2:$E68, 4, FALSE) | C37: =VLOOKUP($A37, 'Characters Database'!$A$2:$E68, 5, FALSE) -> Raid on Onigashima Tony Tony Chopper | D37: BC A S 117 23-12-01 S 129 24-06-01 | E37: =IF(M37 <> "-", IMAGE(M37), ) | G37: =IF(N37 <> "-", IMAGE(N37), ) | I37: =IF(O37 <> "-", IMAGE(O37), ) | K37: =IF(P37 <> "-", IMAGE(P37), ) | M37: https://i.postimg.cc/CKQFtXmk/270-Raid-on-Onigashima-Tony-Tony-Chopper-Bounty-Color-A.png | N37: - | O37: - | P37: -
A38: 263 | B38: =VLOOKUP($A38, 'Characters Database'!$A$2:$E68, 4, FALSE) | C38: =VLOOKUP($A38, 'Characters Database'!$A$2:$E68, 5, FALSE) -> Lunarian Alber | D38: BC A S 127 24-05-01 | E38: =IF(M38 <> "-", IMAGE(M38), ) | G38: =IF(N38 <> "-", IMAGE(N38), ) | I38: =IF(O38 <> "-", IMAGE(O38), ) | K38: =IF(P38 <> "-", IMAGE(P38), ) | M38: https://i.postimg.cc/5t04sbqf/263-Lunarian-Alber-Bounty-Color-A.png | N38: - | O38: - | P38: -
A39: 261 | B39: =VLOOKUP($A39, 'Characters Database'!$A$2:$E68, 4, FALSE) | C39: =VLOOKUP($A39, 'Characters Database'!$A$2:$E68, 5, FALSE) -> Raid on Onigashima Sanji | D39: BC A S 117 23-12-01 S 129 24-06-01 | E39: =IF(M39 <> "-", IMAGE(M39), ) | G39: =IF(N39 <> "-", IMAGE(N39), ) | I39: =IF(O39 <> "-", IMAGE(O39), ) | K39: =IF(P39 <> "-", IMAGE(P39), ) | M39: https://i.postimg.cc/3x9rjdGL/261-Raid-on-Onigashima-Sanji-Bounty-Color-A.png | N39: - | O39: - | P39: -
A40: 259 | B40: =VLOOKUP($A40, 'Characters Database'!$A$2:$E68, 4, FALSE) | C40: =VLOOKUP($A40, 'Characters Database'!$A$2:$E68, 5, FALSE) -> Singer of the New Genesis Uta | D40: BC A S 137 24-10-01 S 161 25-10-01 | E40: =IF(M40 <> "-", IMAGE(M40), ) | F40: BC B S 161 25-10-01 | G40: =IF(N40 <> "-", IMAGE(N40), ) | I40: =IF(O40 <> "-", IMAGE(O40), ) | K40: =IF(P40 <> "-", IMAGE(P40), ) | M40: https://i.postimg.cc/YCtqm1vG/259-Singer-of-the-New-Genesis-Uta-Bounty-Color-A.png | N40: https://i.postimg.cc/q7BV8c03/259-Singer-of-the-New-Genesis-Uta-Bounty-Color-B.png | O40: - | P40: -
A41: 258 | B41: =VLOOKUP($A41, 'Characters Database'!$A$2:$E68, 4, FALSE) | C41: =VLOOKUP($A41, 'Characters Database'!$A$2:$E68, 5, FALSE) -> Raid on Onigashima Killer | D41: BC A S 119 24-01-01 | E41: =IF(M41 <> "-", IMAGE(M41), ) | G41: =IF(N41 <> "-", IMAGE(N41), ) | I41: =IF(O41 <> "-", IMAGE(O41), ) | K41: =IF(P41 <> "-", IMAGE(P41), ) | M41: https://i.postimg.cc/HsDLTGHt/258-Raid-on-Onigashima-Killer-Bounty-Color-A.png | N41: - | O41: - | P41: -
A42: 257 | B42: =VLOOKUP($A42, 'Characters Database'!$A$2:$E68, 4, FALSE) | C42: =VLOOKUP($A42, 'Characters Database'!$A$2:$E68, 5, FALSE) -> Battle of Monsters on Onigashima Kid & Law | D42: BC A S 119 24-01-01 S 131 24-07-01 S 141 24-12-01 | E42: =IF(M42 <> "-", IMAGE(M42), ) | H42: BC B S 141 24-12-01 | I42: =IF(N42 <> "-", IMAGE(N42), ) | M42: https://i.postimg.cc/FKWRv7sf/257-Battle-of-Monsters-on-Onigashima-Kid-Law-Bounty-Color-A.png | N42: https://i.postimg.cc/Wzrb08mr/257-Battle-of-Monsters-on-Onigashima-Kid-Law-Bounty-Color-B.png | O42: - | P42: -
A43: 252 | B43: =VLOOKUP($A43, 'Characters Database'!$A$2:$E68, 4, FALSE) | C43: =VLOOKUP($A43, 'Characters Database'!$A$2:$E68, 5, FALSE) -> Raid on Onigashima Usopp | D43: BC A S 117 23-12-01 S 129 24-06-01 | E43: =IF(M43 <> "-", IMAGE(M43), ) | G43: =IF(N43 <> "-", IMAGE(N43), ) | I43: =IF(O43 <> "-", IMAGE(O43), ) | K43: =IF(P43 <> "-", IMAGE(P43), ) | M43: https://i.postimg.cc/L8V5yxc3/252-Raid-on-Onigashima-Usopp-Bounty-Color-A.png | N43: - | O43: - | P43: -
A44: 251 | B44: =VLOOKUP($A44, 'Characters Database'!$A$2:$E68, 4, FALSE) | C44: =VLOOKUP($A44, 'Characters Database'!$A$2:$E68, 5, FALSE) -> Raid on Onigashima Nami | D44: BC A S 115 23-11-01 S 129 24-06-01 | E44: =IF(M44 <> "-", IMAGE(M44), ) | G44: =IF(N44 <> "-", IMAGE(N44), ) | I44: =IF(O44 <> "-", IMAGE(O44), ) | K44: =IF(P44 <> "-", IMAGE(P44), ) | M44: https://i.postimg.cc/Bn3tcrVv/251-Raid-on-Onigashima-Nami-Bounty-Color-A.png | N44: - | O44: - | P44: -
A45: 249 | B45: =VLOOKUP($A45, 'Characters Database'!$A$2:$E68, 4, FALSE) | C45: =VLOOKUP($A45, 'Characters Database'!$A$2:$E68, 5, FALSE) -> Raid on Onigashima Brook | D45: BC A S 125 24-04-01 S 129 24-06-01 | E45: =IF(M45 <> "-", IMAGE(M45), ) | G45: =IF(N45 <> "-", IMAGE(N45), ) | I45: =IF(O45 <> "-", IMAGE(O45), ) | K45: =IF(P45 <> "-", IMAGE(P45), ) | M45: https://i.postimg.cc/65nyZWzS/249-Raid-on-Onigashima-Brook-Bounty-Color-A.png | N45: - | O45: - | P45: -
A46: 248 | B46: =VLOOKUP($A46, 'Characters Database'!$A$2:$E68, 4, FALSE) | C46: =VLOOKUP($A46, 'Characters Database'!$A$2:$E68, 5, FALSE) -> Raid on Onigashima Nico Robin | D46: BC A S 125 24-04-01 S 129 24-06-01 | E46: =IF(M46 <> "-", IMAGE(M46), ) | G46: =IF(N46 <> "-", IMAGE(N46), ) | I46: =IF(O46 <> "-", IMAGE(O46), ) | K46: =IF(P46 <> "-", IMAGE(P46), ) | M46: https://i.postimg.cc/NLqvYwH2/248-Raid-on-Onigashima-Nico-Robin-Bounty-Color-A.png | N46: - | O46: - | P46: -
A47: 238 | B47: =VLOOKUP($A47, 'Characters Database'!$A$2:$E68, 4, FALSE) | C47: =VLOOKUP($A47, 'Characters Database'!$A$2:$E68, 5, FALSE) -> First Act as a Married Couple Charlotte Pudding | D47: BC A S 123 24-03-01 | E47: =IF(M47 <> "-", IMAGE(M47), ) | G47: =IF(N47 <> "-", IMAGE(N47), ) | I47: =IF(O47 <> "-", IMAGE(O47), ) | K47: =IF(P47 <> "-", IMAGE(P47), ) | M47: https://i.postimg.cc/c1KKsM3d/238-First-Act-as-a-Married-Couple-Charlotte-Pudding-Bounty-Color-A.png | N47: - | O47: - | P47: -
A48: 236 | B48: =VLOOKUP($A48, 'Characters Database'!$A$2:$E68, 4, FALSE) | C48: =VLOOKUP($A48, 'Characters Database'!$A$2:$E68, 5, FALSE) -> Raid on Onigashima Jinbe | D48: BC A S 129 24-06-01 | E48: =IF(M48 <> "-", IMAGE(M48), ) | G48: =IF(N48 <> "-", IMAGE(N48), ) | I48: =IF(O48 <> "-", IMAGE(O48), ) | K48: =IF(P48 <> "-", IMAGE(P48), ) | M48: https://i.postimg.cc/gcfxrXy8/236-Raid-on-Onigashima-Jinbe-Bounty-Color-A.png | N48: - | O48: - | P48: -
A49: 235 | B49: =VLOOKUP($A49, 'Characters Database'!$A$2:$E68, 4, FALSE) | C49: =VLOOKUP($A49, 'Characters Database'!$A$2:$E68, 5, FALSE) -> Raid on Onigashima Roronoa Zoro | D49: BC A S 115 23-11-01 S 129 24-06-01 S 141 24-12-01 S 165 25-12-01 | E49: =IF(M49 <> "-", IMAGE(M49), ) | F49: BC B S 141 24-12-01 S 165 25-12-01 | G49: =IF(N49 <> "-", IMAGE(N49), ) | I49: =IF(O49 <> "-", IMAGE(O49), ) | K49: =IF(P49 <> "-", IMAGE(P49), ) | M49: https://i.postimg.cc/pTrHJCvr/235-Raid-on-Onigashima-Roronoa-Zoro-Bounty-Color-A.png | N49: https://i.postimg.cc/cHzN931m/235-Raid-on-Onigashima-Roronoa-Zoro-Bounty-Color-B.png | O49: - | P49: -
A50: 234 | B50: =VLOOKUP($A50, 'Characters Database'!$A$2:$E68, 4, FALSE) | C50: =VLOOKUP($A50, 'Characters Database'!$A$2:$E68, 5, FALSE) -> Battle of Monsters on Onigashima Kaido | D50: BC A S 127 24-05-01 S 141 24-12-01 | E50: =IF(M50 <> "-", IMAGE(M50), ) | F50: BC B S 141 24-12-01 | G50: =IF(N50 <> "-", IMAGE(N50), ) | I50: =IF(O50 <> "-", IMAGE(O50), ) | K50: =IF(P50 <> "-", IMAGE(P50), ) | M50: https://i.postimg.cc/wB6H7Hbh/234-Battle-of-Monsters-on-Onigashima-Kaido-Bounty-Color-A.png | N50: https://i.postimg.cc/LsNSP7rG/234-Battle-of-Monsters-on-Onigashima-Kaido-Bounty-Color-B.png | O50: - | P50: -
A51: 233 | B51: =VLOOKUP($A51, 'Characters Database'!$A$2:$E68, 4, FALSE) | C51: =VLOOKUP($A51, 'Characters Database'!$A$2:$E68, 5, FALSE) -> Battle of Monsters on Onigashima Olin the Oiran | D51: BC A S 139 24-11-01 | E51: =IF(M51 <> "-", IMAGE(M51), ) | G51: =IF(N51 <> "-", IMAGE(N51), ) | I51: =IF(O51 <> "-", IMAGE(O51), ) | K51: =IF(P51 <> "-", IMAGE(P51), ) | M51: https://i.postimg.cc/L8k29hv9/233-Battle-of-Monsters-on-Onigashima-Olin-the-Oiran-Bounty-Color-A.png | N51: - | O51: - | P51: -
A52: 215 | B52: =VLOOKUP($A52, 'Characters Database'!$A$2:$E68, 4, FALSE) | C52: =VLOOKUP($A52, 'Characters Database'!$A$2:$E68, 5, FALSE) -> FILM Z Zephyr | D52: BC A S 157 25-07-29 | E52: =IF(M52 <> "-", IMAGE(M52), ) | F52: BC B S 157 25-07-29 | G52: =IF(N52 <> "-", IMAGE(N52), ) | H52: BC C S 157 25-07-29 | I52: =IF(O52 <> "-", IMAGE(O52), ) | J52: BC D S 157 25-07-29 | K52: =IF(P52 <> "-", IMAGE(P52), ) | M52: https://i.postimg.cc/fb9LzsM6/215-FILM-Z-Zephyr-Bounty-Color-1.png | N52: https://i.postimg.cc/7hxYnTSk/215-FILM-Z-Zephyr-Bounty-Color-2.png | O52: https://i.postimg.cc/wM0xfTks/215-FILM-Z-Zephyr-Bounty-Color-3.png | P52: https://i.postimg.cc/ZK559pTP/215-FILM-Z-Zephyr-Bounty-Color-4.png
A53: 211 | B53: =VLOOKUP($A53, 'Characters Database'!$A$2:$E68, 4, FALSE) | C53: =VLOOKUP($A53, 'Characters Database'!$A$2:$E68, 5, FALSE) -> Land of Wano Marco | D53: BC A S 121 24-02-01 | E53: =IF(M53 <> "-", IMAGE(M53), ) | G53: =IF(N53 <> "-", IMAGE(N53), ) | I53: =IF(O53 <> "-", IMAGE(O53), ) | K53: =IF(P53 <> "-", IMAGE(P53), ) | M53: https://i.postimg.cc/wTm9rwms/211-Land-of-Wano-Marco-Bounty-Color-A.png | N53: - | O53: - | P53: -
A54: 209 | B54: =VLOOKUP($A54, 'Characters Database'!$A$2:$E68, 4, FALSE) | C54: =VLOOKUP($A54, 'Characters Database'!$A$2:$E68, 5, FALSE) -> Animal Kingdom Pirates / Tobi Roppo Ulti | D54: BC A S 127 24-05-01 | E54: =IF(M54 <> "-", IMAGE(M54), ) | G54: =IF(N54 <> "-", IMAGE(N54), ) | I54: =IF(O54 <> "-", IMAGE(O54), ) | K54: =IF(P54 <> "-", IMAGE(P54), ) | M54: https://i.postimg.cc/1RT9MkfQ/209-Animal-Kingdom-Pirates-Tobi-Roppo-Ulti-Bounty-Color-A.png | N54: - | O54: - | P54: -
A55: 194 | B55: =VLOOKUP($A55, 'Characters Database'!$A$2:$E68, 4, FALSE) | C55: =VLOOKUP($A55, 'Characters Database'!$A$2:$E68, 5, FALSE) -> Kaido`s Son Yamato | D55: BC A S 139 24-11-01 | E55: =IF(M55 <> "-", IMAGE(M55), ) | G55: =IF(N55 <> "-", IMAGE(N55), ) | I55: =IF(O55 <> "-", IMAGE(O55), ) | K55: =IF(P55 <> "-", IMAGE(P55), ) | M55: https://i.postimg.cc/fy6DL96L/194-Kaido-s-Son-Yamato-Bounty-Color-A.png | N55: - | O55: - | P55: -
A56: 193 | B56: =VLOOKUP($A56, 'Characters Database'!$A$2:$E68, 4, FALSE) | C56: =VLOOKUP($A56, 'Characters Database'!$A$2:$E68, 5, FALSE) -> Former Whitebeard Pirates / 16th Division Commander Izo | D56: BC A S 135 24-09-01 | E56: =IF(M56 <> "-", IMAGE(M56), ) | G56: =IF(N56 <> "-", IMAGE(N56), ) | I56: =IF(O56 <> "-", IMAGE(O56), ) | K56: =IF(P56 <> "-", IMAGE(P56), ) | M56: https://i.postimg.cc/SRXmkr13/193-Former-Whitebeard-Pirates-16th-Division-Commander-Izo-Bounty-Color-A.png | N56: - | O56: - | P56: -
A57: 191 | B57: =VLOOKUP($A57, 'Characters Database'!$A$2:$E68, 4, FALSE) | C57: =VLOOKUP($A57, 'Characters Database'!$A$2:$E68, 5, FALSE) -> Roger Pirates / First Mate Silvers Rayleigh | D57: BC A S 133 24-08-01 | E57: =IF(M57 <> "-", IMAGE(M57), ) | G57: =IF(N57 <> "-", IMAGE(N57), ) | I57: =IF(O57 <> "-", IMAGE(O57), ) | K57: =IF(P57 <> "-", IMAGE(P57), ) | M57: https://i.postimg.cc/Kzpm6Vft/191-Roger-Pirates-First-Mate-Silvers-Rayliegh-Bounty-Color-A.png | N57: - | O57: - | P57: -
A58: 178 | B58: =VLOOKUP($A58, 'Characters Database'!$A$2:$E68, 4, FALSE) | C58: =VLOOKUP($A58, 'Characters Database'!$A$2:$E68, 5, FALSE) -> Navy HQ / Fleet Admiral Akainu [Sakazuki] | D58: BC A S 147 25-03-01 | E58: =IF(M58 <> "-", IMAGE(M58), ) | F58: BC B S 147 25-03-01 | G58: =IF(N58 <> "-", IMAGE(N58), ) | H58: BC C S 147 25-03-01 | I58: =IF(O58 <> "-", IMAGE(O58), ) | K58: =IF(P58 <> "-", IMAGE(P58), ) | M58: https://i.postimg.cc/fbZWmYkS/178-Navy-HQ-Fleet-ADmiral-Akainu-Sakazuki-Bounty-Color-A.png | N58: https://i.postimg.cc/yNP1PWSQ/178-Navy-HQ-Fleet-ADmiral-Akainu-Sakazuki-Bounty-Color-B.png | O58: https://i.postimg.cc/Y9Cpyk6p/178-Navy-HQ-Fleet-ADmiral-Akainu-Sakazuki-Bounty-Color-C.png | P58: -
A59: 168 | B59: =VLOOKUP($A59, 'Characters Database'!$A$2:$E68, 4, FALSE) | C59: =VLOOKUP($A59, 'Characters Database'!$A$2:$E68, 5, FALSE) -> Raid on Onigashima Monkey D. Luffy | D59: BC A S 115 23-11-01 S 129 24-06-01 | E59: =IF(M59 <> "-", IMAGE(M59), ) | G59: =IF(N59 <> "-", IMAGE(N59), ) | I59: =IF(O59 <> "-", IMAGE(O59), ) | K59: =IF(P59 <> "-", IMAGE(P59), ) | M59: https://i.postimg.cc/Jzj4sp7W/168-Raid-on-Onigashima-Monkey-D-Luffy-Bounty-Color-A.png | N59: - | O59: - | P59: -
A60: 159 | B60: =VLOOKUP($A60, 'Characters Database'!$A$2:$E68, 4, FALSE) | C60: =VLOOKUP($A60, 'Characters Database'!$A$2:$E68, 5, FALSE) -> Minks Carrot | D60: BC A S 131 24-07-01 | E60: =IF(M60 <> "-", IMAGE(M60), ) | G60: =IF(N60 <> "-", IMAGE(N60), ) | I60: =IF(O60 <> "-", IMAGE(O60), ) | K60: =IF(P60 <> "-", IMAGE(P60), ) | M60: https://i.postimg.cc/SxQkKkPc/278-Whole-Cake-Island-Carrot-Bounty-Color-A.png | N60: - | O60: - | P60: -
A61: 157 | B61: =VLOOKUP($A61, 'Characters Database'!$A$2:$E68, 4, FALSE) | C61: =VLOOKUP($A61, 'Characters Database'!$A$2:$E68, 5, FALSE) -> Hero of the Navy Monkey D. Garb | D61: BC A S 133 24-08-01 | E61: =IF(M61 <> "-", IMAGE(M61), ) | G61: =IF(N61 <> "-", IMAGE(N61), ) | I61: =IF(O61 <> "-", IMAGE(O61), ) | K61: =IF(P61 <> "-", IMAGE(P61), ) | M61: https://i.postimg.cc/jdpSqpbX/157-Hero-of-the-Navy-Monkey-D-Garb-Bounty-Color-A.png | N61: - | O61: - | P61: -
A62: 154 | B62: =VLOOKUP($A62, 'Characters Database'!$A$2:$E68, 4, FALSE) | C62: =VLOOKUP($A62, 'Characters Database'!$A$2:$E68, 5, FALSE) -> King of the Pirates Gol D. Roger | D62: BC A S 133 24-08-01 | E62: =IF(M62 <> "-", IMAGE(M62), ) | G62: =IF(N62 <> "-", IMAGE(N62), ) | I62: =IF(O62 <> "-", IMAGE(O62), ) | K62: =IF(P62 <> "-", IMAGE(P62), ) | M62: https://i.postimg.cc/5NYtVxZy/154-King-of-the-Pirates-Gol-D-Roger-Bounty-Color-A.png | N62: - | O62: - | P62: -
A63: 150 | B63: =VLOOKUP($A63, 'Characters Database'!$A$2:$E68, 4, FALSE) | C63: =VLOOKUP($A63, 'Characters Database'!$A$2:$E68, 5, FALSE) -> Daimyo of Kuri Kozuki Oden | D63: BC A S 135 24-09-01 S 165 25-12-01 | E63: =IF(M63 <> "-", IMAGE(M63), ) | F63: BC B S 165 25-12-01 | G63: =IF(N63 <> "-", IMAGE(N63), ) | I63: =IF(O63 <> "-", IMAGE(O63), ) | K63: =IF(P63 <> "-", IMAGE(P63), ) | M63: https://i.postimg.cc/wxbBZt4n/150-Daimyo-of-Kuri-Kozuki-Oden-Bounty-Color-A.png | N63: https://i.postimg.cc/XYzqfYrZ/150-Daimyo-of-Kuri-Kozuki-Oden-Bounty-Color-2.png | O63: - | P63: -
A64: 134 | B64: =VLOOKUP($A64, 'Characters Database'!$A$2:$E68, 4, FALSE) | C64: =VLOOKUP($A64, 'Characters Database'!$A$2:$E68, 5, FALSE) -> Hunger Pangs Charlotte Linlin | D64: BC A S 123 24-03-01 | E64: =IF(M64 <> "-", IMAGE(M64), ) | G64: =IF(N64 <> "-", IMAGE(N64), ) | I64: =IF(O64 <> "-", IMAGE(O64), ) | K64: =IF(P64 <> "-", IMAGE(P64), ) | M64: https://i.postimg.cc/Y0VqWVmt/134-Hunger-Pangs-Charlotte-Linlin-Bounty-Color-A.png | N64: - | O64: - | P64: -
A65: 103 | B65: =VLOOKUP($A65, 'Characters Database'!$A$2:$E68, 4, FALSE) | C65: =VLOOKUP($A65, 'Characters Database'!$A$2:$E68, 5, FALSE) -> The Seven Warlords of the Sea Marshall D. Teach | D65: BC A S 121 24-02-01 | E65: =IF(M65 <> "-", IMAGE(M65), ) | G65: =IF(N65 <> "-", IMAGE(N65), ) | I65: =IF(O65 <> "-", IMAGE(O65), ) | K65: =IF(P65 <> "-", IMAGE(P65), ) | M65: https://i.postimg.cc/7hbZbDhB/103-The-Seven-Warlords-of-the-Sea-Marshall-D-Teach-Bounty-Color-A.png | N65: - | O65: - | P65: -
A66: 100 | B66: =VLOOKUP($A66, 'Characters Database'!$A$2:$E68, 4, FALSE) | C66: =VLOOKUP($A66, 'Characters Database'!$A$2:$E68, 5, FALSE) -> Son of the King of the Pirates Portgaz D. Ace | D66: BC A S 121 24-02-01 | E66: =IF(M66 <> "-", IMAGE(M66), ) | G66: =IF(N66 <> "-", IMAGE(N66), ) | I66: =IF(O66 <> "-", IMAGE(O66), ) | K66: =IF(P66 <> "-", IMAGE(P66), ) | M66: https://i.postimg.cc/9MLfWzmR/100-Son-of-the-King-of-the-Pirates-Portgaz-D-Ace-Bounty-Color-A.png | N66: - | O66: - | P66: -
A67: 86 | B67: =VLOOKUP($A67, 'Characters Database'!$A$2:$E68, 4, FALSE) | C67: =VLOOKUP($A67, 'Characters Database'!$A$2:$E68, 5, FALSE) -> Big Mom Pirates / "Sweet 3" General Charlotte Katakuri | D67: BC A S 123 24-03-01 | E67: =IF(M67 <> "-", IMAGE(M67), ) | G67: =IF(N67 <> "-", IMAGE(N67), ) | I67: =IF(O67 <> "-", IMAGE(O67), ) | K67: =IF(P67 <> "-", IMAGE(P67), ) | M67: https://i.postimg.cc/zfSBc04k/086-Big-Mom-Pirates-Sweet-3-General-Charlotte-Katakuri-Bounty-Color-A.png | N67: - | O67: - | P67: -

Sheet Scouts Incomplete
D1: 2024
D2: July - 2024
B3: =IF(H3 <> "", IMAGE(H3), "-") -> - | C3: =IF(I3 <> "", IMAGE(I3), "-") | D3: =IF(J3 <> "", IMAGE(J3), "-") -> - | E3: [6.5 Year Anniversary Final Thank You] #1 Once Daily Extreme Bounty Festival | I3: https://i.postimg.cc/vHYh7thD/Discounted-Scout.png
B4: =IF(H4 <> "", IMAGE(H4), "-") -> - | C4: =IF(I4 <> "", IMAGE(I4), "-") | D4: =IF(J4 <> "", IMAGE(J4), "-") -> - | E4: [6.5 Year Anniversary Final Thank You] #1 Extreme Legendary Ticket Scout | I4: https://i.postimg.cc/BZcN1Vxd/Step-Up-Ticket-Scout.png
B5: =IF(H5 <> "", IMAGE(H5), "-") -> - | C5: =IF(I5 <> "", IMAGE(I5), "-") | D5: =IF(J5 <> "", IMAGE(J5), "-") -> - | E5: [6.5 Year Anniversary Final Thank You] #1 Extreme Bounty Festival | F5: =date(2024,7,30) -> 45503 | G5: Anniversary | I5: https://i.postimg.cc/QM909Nbb/Normal-Scout.png
D6: 2024
D7: July - 2024
D8: =IF(J8 <> "", IMAGE(J8), "-") | E8: [5.5 Year Anniversary Thank You] #1 Free Once Daily x10 Scout | F8: =date(2024,7,30) -> 45503 | G8: Anniversary | J8: https://i.postimg.cc/Kvqn38xS/24-07-30-2.png
D9: =IF(J9 <> "", IMAGE(J9), "-") | E9: [5.5 Year Anniversary Thank You] #1 Extreme Bounty Festival | F9: =date(2024,7,30) -> 45503 | G9: New Extreme New Bounty Festival Side Bounty Festival Anniversary | J9: https://i.postimg.cc/jdF7d34R/24-07-30-1.png
D10: =IF(J10 <> "", IMAGE(J10), "-") | E10: [2,000th Day Thank You] #3 Bounty Festival | F10: =date(2024,7,23) -> 45496 | G10: Bounty Festival Rerun | J10: https://i.postimg.cc/LsdgjqW7/24-07-23.png
D11: =IF(J11 <> "", IMAGE(J11), "-") | E11: [Zoan] Featured Scout | F11: =date(2024,7,19) -> 45492 | J11: https://i.postimg.cc/cLt8K7Fw/24-07-19.png
D12: =IF(J12 <> "", IMAGE(J12), "-") | E12: [2,000th Day Thank You] #2 Scout | F12: =date(2024,7,17) -> 45490 | G12: Days Anniversary | J12: https://i.postimg.cc/LX2q0c23/24-07-17.png
D13: =IF(J13 <> "", IMAGE(J13), "-") | E13: [ONE PIECE Day Celebration] Scout | F13: =date(2024,7,15) -> 45488 | J13: https://i.postimg.cc/KvR1VrSw/24-07-15.png
D14: =IF(J14 <> "", IMAGE(J14), "-") | E14: [Runner] Featured Scout | F14: =date(2024,7,12) -> 45485 | J14: https://i.postimg.cc/htmf4DG0/24-07-12.png
D15: =IF(J15 <> "", IMAGE(J15), "-") | E15: [2,000th Day Thank You] #1 Extreme Bounty Festival | F15: =date(2024,7,11) -> 45484 | G15: Extreme Rerun Days Anniversary | J15: https://i.postimg.cc/138DG13g/24-07-11.png
D16: =IF(J16 <> "", IMAGE(J16), "-") | E16: [Green Element] Featured Scout | F16: =date(2024,7,5) -> 45478 | J16: https://i.postimg.cc/05CGxC4N/24-07-05.png
D17: =IF(J17 <> "", IMAGE(J17), "-") | E17: [2024 Star Festival] Scout | F17: =date(2024,7,4) -> 45477 | J17: https://i.postimg.cc/VLLqNCyW/24-07-04.png
D18: June - 2024
D19: =IF(J19 <> "", IMAGE(J19), "-") | E19: [CP9] Bounty Festival | F19: =date(2024,6,27) -> 45470 | G19: New Bounty Festival | J19: https://i.postimg.cc/RVvKqntZ/24-06-27.png
D20: =IF(J20 <> "", IMAGE(J20), "-") | E20: [Red Element] Featured Scout | F20: =date(2024,6,24) -> 45467 | J20: https://i.postimg.cc/BZT2qCXz/24-06-24.png
D21: =IF(J21 <> "", IMAGE(J21), "-") | E21: [Almost 5.5 Year Anniversary] Extreme Bounty Festival | F21: =date(2024,6,20) -> 45463 | G21: Extreme Rerun Anniversary | J21: https://i.postimg.cc/fRLdfnB4/24-06-20.png
D22: =IF(J22 <> "", IMAGE(J22), "-") | E22: [2024 Straw Hat Pirates Day Celebration] #3 Scout | F22: =date(2024,6,17) -> 45460 | J22: https://i.postimg.cc/k4rtCV99/24-06-17.png
D23: =IF(J23 <> "", IMAGE(J23), "-") | E23: [Defender] Featured Scout | F23: =date(2024,6,14) -> 45457 | J23: https://i.postimg.cc/cHQtLs43/24-06-14.png
D24: =IF(J24 <> "", IMAGE(J24), "-") | E24: [2024 Straw Hat Pirates Day Celebration] #2 Scout | F24: =date(2024,6,11) -> 45454 | J24: https://i.postimg.cc/kGq6VkBp/24-06-11.png
D25: =IF(J25 <> "", IMAGE(J25), "-") | E25: [Attacker] Featured Scout | F25: =date(2024,6,7) -> 45450 | J25: https://i.postimg.cc/wM2tD0NT/24-06-07.png
D26: =IF(J26 <> "", IMAGE(J26), "-") | E26: [2024 Straw Hat Pirates Day Celebration] Extreme Bounty Festival | F26: =date(2024,6,3) -> 45446 | G26: Extreme Rerun | J26: https://i.postimg.cc/yYn9RYhX/24-06-03.png
D27: May - 2024
D28: =IF(J28 <> "", IMAGE(J28), "-") | E28: [Early Summer] Scout | F28: =date(2024,5,30) -> 45442 | J28: https://i.postimg.cc/bNrsvrBP/24-05-30.png
D29: =IF(J29 <> "", IMAGE(J29), "-") | E29: [Egghead] #2 Bounty Festival | F29: =date(2024,5,28) -> 45440 | G29: New Bounty Festival | J29: https://i.postimg.cc/vZ6TWjyS/24-05-28.png
D30: =IF(J30 <> "", IMAGE(J30), "-") | E30: [Blue Element] Featured Scout | F30: =date(2024,5,24) -> 45436 | J30: https://i.postimg.cc/HsNj8mqy/24-05-24.png
D31: =IF(J31 <> "", IMAGE(J31), "-") | E31: [Egghead] Extreme Bounty Festival | F31: =date(2024,5,21) -> 45433 | G31: New Extreme | J31: https://i.postimg.cc/ZqtRjcKY/24-05-21.png
D32: =IF(J32 <> "", IMAGE(J32), "-") | E32: [Captain Featured] Scout | F32: =date(2024,5,17) -> 45429 | J32: https://i.postimg.cc/mDTrWgH0/24-05-17.png
D33: =IF(J33 <> "", IMAGE(J33), "-") | E33: [Extreme Upgrade Support] Scout | F33: =date(2024,5,16) -> 45428 | J33: https://i.postimg.cc/QtSd8ZgV/24-05-16.png
D34: =IF(J34 <> "", IMAGE(J34), "-") | E34: [2024 Luffy's Birthday Celebration] #2 Extreme Bounty Festival | F34: =date(2024,5,14) -> 45426 | G34: Extreme Rerun Birthday Celebration | J34: https://i.postimg.cc/3NRJWf91/24-05-14.png
D35: =IF(J35 <> "", IMAGE(J35), "-") | E35: [Long-Range Normal Attack Characters] Featured Scout | F35: =date(2024,5,10) -> 45422 | J35: https://i.postimg.cc/RFTNWHmS/24-05-10.png
D36: =IF(J36 <> "", IMAGE(J36), "-") | E36: [2024 Golden] #4 Scout | F36: =date(2024,5,8) -> 45420 | G36: Golden | J36: https://i.postimg.cc/ZYVWZpjj/24-05-08.png
D37: =IF(J37 <> "", IMAGE(J37), "-") | E37: [2024 Luffy's Birthday Celebration] Scout | F37: =date(2024,5,5) -> 45417 | G37: Birthday Celebration | J37: https://i.postimg.cc/x8x8RVqB/24-05-05-2.png
D38: =IF(J38 <> "", IMAGE(J38), "-") | E38: [2024 Luffy's Birthday Celebration] Bounty Festival | F38: =date(2024,5,5) -> 45417 | G38: New Bounty Festival Solo Bounty Festival Birthday Celebration | J38: https://i.postimg.cc/0j2rDy5p/24-05-05-1.png
D39: =IF(J39 <> "", IMAGE(J39), "-") -> - | E39: [2024 Kaido's Birthday Celebration] Extreme Bounty Festival | F39: =date(2024,5,1) -> 45413 | G39: Extreme Rerun Birthday Celebration
D40: =IF(J40 <> "", IMAGE(J40), "-") -> - | E40: [2024 Kaido's Birthday Celebration] Extreme Bounty Festival | F40: =date(2024,5,1) -> 45413 | G40: Extreme Rerun Birthday Celebration
D41: April - 2024
D42: =IF(J42 <> "", IMAGE(J42), "-") | E42: [2024 Golden] #3 Scout | F42: =date(2024,4,29) -> 45411 | G42: Golden | J42: https://i.postimg.cc/vHM0RL1T/24-04-29.png
D43: =IF(J43 <> "", IMAGE(J43), "-") | E43: [2024 Golden] #2 Scout | F43: =date(2024,4,25) -> 45407 | G43: Golden | J43: https://i.postimg.cc/c4mXdgYm/24-04-25.png
D44: =IF(J44 <> "", IMAGE(J44), "-") | E44: [Sabaody Archipelago] Bounty Festival | F44: =date(2024,4,23) -> 45405 | G44: New Bounty Festival | J44: https://i.postimg.cc/6qVz2TPB/24-04-23.png
D45: =IF(J45 <> "", IMAGE(J45), "-") | E45: [Spring Head Start] Free x10 Scout | F45: =date(2024,4,22) -> 45404 | J45: https://i.postimg.cc/m272HdQY/24-04-22-2.png
D46: =IF(J46 <> "", IMAGE(J46), "-") | E46: [Spring Head Start] Scout | F46: =date(2024,4,22) -> 45404 | J46: https://i.postimg.cc/tRZgXRJm/24-04-22-1.png
D47: =IF(J47 <> "", IMAGE(J47), "-") | E47: [Land of Wano] Featured Scout | F47: =date(2024,4,19) -> 45401 | J47: https://i.postimg.cc/52KgFhsQ/24-04-19.png
D48: =IF(J48 <> "", IMAGE(J48), "-") | E48: [140 Million Downloads Celebration] #3 Scout | F48: =date(2024,4,18) -> 45400 | G48: Downloads Celebration | J48: https://i.postimg.cc/SQcgttxH/24-04-18.png
D49: =IF(J49 <> "", IMAGE(J49), "-") | E49: [2024 Golden] Extreme Bounty Festival | F49: =date(2024,4,16) -> 45398 | G49: Extreme Rerun Golden | J49: https://i.postimg.cc/qqKqbM1n/24-04-16.png
D50: =IF(J50 <> "", IMAGE(J50), "-") | E50: [Spring Head Start] Free x10 Scout | F50: =date(2024,4,15) -> 45397 | J50: https://i.postimg.cc/vZ3yrCDV/24-04-15-2.png
D51: =IF(J51 <> "", IMAGE(J51), "-") | E51: [Spring Head Start] Scout | F51: =date(2024,4,15) -> 45397 | J51: https://i.postimg.cc/HWyTqSvq/24-04-15-1.png
D52: =IF(J52 <> "", IMAGE(J52), "-") | E52: [Worst Generation] Featured Scout | F52: =date(2024,4,12) -> 45394 | J52: https://i.postimg.cc/zGrbQKZf/24-04-12.png
D53: =IF(J53 <> "", IMAGE(J53), "-") | E53: [140 Million Downloads Celebration] #2 Scout | F53: =date(2024,4,11) -> 45393 | G53: Downloads Celebration | J53: https://i.postimg.cc/CKMZh0KT/24-04-11.png
D54: =IF(J54 <> "", IMAGE(J54), "-") | E54: [Spring Head Start] Free x10 Scout | F54: =date(2024,4,8) -> 45390 | J54: https://i.postimg.cc/kM0gDrtM/24-04-08-2.png
D55: =IF(J55 <> "", IMAGE(J55), "-") | E55: [Spring Head Start] Scout | F55: =date(2024,4,8) -> 45390 | J55: https://i.postimg.cc/Z5ZYFrc1/24-04-08-1.png
D56: =IF(J56 <> "", IMAGE(J56), "-") | E56: [1,900th Day Anniversary] Scout | F56: =date(2024,4,5) -> 45387 | G56: Days Anniversary | J56: https://i.postimg.cc/6pf2xqtf/24-04-05.png
D57: =IF(J57 <> "", IMAGE(J57), "-") | E57: [140 Million Downloads Celebration] Scout | F57: =date(2024,4,3) -> 45385 | G57: Downloads Celebration | J57: https://i.postimg.cc/xChq3b3n/24-04-03.png
D58: =IF(J58 <> "", IMAGE(J58), "-") | E58: [Spring Head Start] Free x10 Scout | F58: =date(2024,4,1) -> 45383 | J58: https://i.postimg.cc/d0WhDf77/24-04-01-2.png
D59: =IF(J59 <> "", IMAGE(J59), "-") | E59: [Spring Head Start] Scout | F59: =date(2024,4,1) -> 45383 | J59: https://i.postimg.cc/zBVVhkWx/24-04-01-1.png
D60: March - 2024
D61: =IF(J61 <> "", IMAGE(J61), "-") | E61: [130 Million Downloads Celebration] #5 Extreme Bounty Festival | F61: =date(2024,3,29) -> 45380 | G61: Extreme Rerun Downloads Celebration | J61: https://i.postimg.cc/5tcSMHbD/24-03-29.png
D62: =IF(J62 <> "", IMAGE(J62), "-") | E62: [Shandora] Bounty Festival | F62: =date(2024,3,28) -> 45379 | G62: New Bounty Festival | J62: https://i.postimg.cc/rsZBwGp8/24-03-28.png
D63: =IF(J63 <> "", IMAGE(J63), "-") | E63: [Character Upgrade Support] Scout | F63: =date(2024,3,25) -> 45376 | J63: https://i.postimg.cc/WzCrNyz3/24-03-25.png
D64: =IF(J64 <> "", IMAGE(J64), "-") | E64: [130 Million Downloads Celebration] #4 Extreme Bounty Festival | F64: =date(2024,3,21) -> 45372 | G64: Extreme Rerun Downloads Celebration | J64: https://i.postimg.cc/j25vZQ7S/24-03-21.png
D65: =IF(J65 <> "", IMAGE(J65), "-") | E65: [130 Million Downloads Celebration] #3 Extreme Bounty Festival | F65: =date(2024,3,15) -> 45366 | G65: Extreme Rerun Downloads Celebration | J65: https://i.postimg.cc/bJd2qcQH/24-03-15.png
D66: =IF(J66 <> "", IMAGE(J66), "-") | E66: [2024 White Day] Scout | F66: =date(2024,3,14) -> 45365 | J66: https://i.postimg.cc/52CY0dkf/24-03-14.png
D67: =IF(J67 <> "", IMAGE(J67), "-") | E67: [130 Million Downloads Celebration] #2 Scout | F67: =date(2024,3,11) -> 45362 | G67: Downloads Celebration | J67: https://i.postimg.cc/qRSYLK4f/24-03-11.png
D68: =IF(J68 <> "", IMAGE(J68), "-") | E68: [2024 Shanks' Birthday Celebration] Extreme Bounty Festival | F68: =date(2024,3,9) -> 45360 | G68: Extreme Rerun Birthday Celebration | J68: https://i.postimg.cc/YCH5ZQgM/24-03-09.png
D69: =IF(J69 <> "", IMAGE(J69), "-") | E69: [The Three Brothers] Featured Scout | F69: =date(2024,3,7) -> 45358 | J69: https://i.postimg.cc/Vv0gLZxp/24-03-07.png
D70: =IF(J70 <> "", IMAGE(J70), "-") | E70: [Sky Island] Scout | F70: =date(2024,3,5) -> 45356 | G70: New Step Up | J70: https://i.postimg.cc/rwXnzcFJ/24-03-05.png
D71: =IF(J71 <> "", IMAGE(J71), "-") | E71: [130 Million Downloads Celebration] #1 Scout | F71: =date(2024,3,1) -> 45352 | G71: Downloads Celebration | J71: https://i.postimg.cc/76stL2fG/24-03-01.png
D72: February - 2024
D73: =IF(J73 <> "", IMAGE(J73), "-") | E73: [Mighty Warriors of the New World] Bounty Festival | F73: =date(2024,2,27) -> 45349 | G73: Bounty Festival Rerun | J73: https://i.postimg.cc/BQdyDHN2/24-02-27.png
D74: =IF(J74 <> "", IMAGE(J74), "-") | E74: [Paramecia] Featured Scout | F74: =date(2024,2,22) -> 45344 | J74: https://i.postimg.cc/mDbKk4jq/24-02-22.png
D75: =IF(J75 <> "", IMAGE(J75), "-") | E75: [5th Anniversary Heartfelt Thanks] #4 Scout | F75: =date(2024,2,20) -> 45342 | G75: Anniversary | J75: https://i.postimg.cc/L6nKjHSF/24-02-20.png
D76: =IF(J76 <> "", IMAGE(J76), "-") | E76: [Zoan] Featured Scout | F76: =date(2024,2,16) -> 45338 | J76: https://i.postimg.cc/xC5D38qn/24-02-16.png
D77: =IF(J77 <> "", IMAGE(J77), "-") | E77: [5th Anniversary Heartfelt Thanks] #3 Extreme Bounty Festival | F77: =date(2024,2,14) -> 45336 | G77: New Extreme New Bounty Festival Side Bounty Festival Anniversary | J77: https://i.postimg.cc/4y8GsyTB/24-02-14.png
D78: =IF(J78 <> "", IMAGE(J78), "-") | E78: [2024 Valentine`s] Scout | F78: =date(2024,2,7) -> 45329 | G78: New Step Up | J78: https://i.postimg.cc/RVVCy5zg/24-02-07.png
D79: =IF(J79 <> "", IMAGE(J79), "-") | E79: [The Seven Warlords of the Sea] Featured Scout | F79: =date(2024,2,5) -> 45327 | J79: https://i.postimg.cc/nhWLqdg0/24-02-05.png
D80: =IF(J80 <> "", IMAGE(J80), "-") | E80: [2024 Early Spring] Scout | F80: =date(2024,2,2) -> 45324 | J80: https://i.postimg.cc/jdsCTnyQ/24-02-02.png
D81: January - 2024
D82: =IF(J82 <> "", IMAGE(J82), "-") | E82: [5th Anniversary Heartfelt Thanks] #2 Bounty Festival | F82: =date(2024,1,31) -> 45322 | G82: New Bounty Festival Solo Bounty Festival Anniversary | J82: https://i.postimg.cc/XvTp62gp/24-01-31.png
D83: =IF(J83 <> "", IMAGE(J83), "-") | E83: [2024 New Year`s] #3 Scout | F83: =date(2024,1,29) -> 45320 | J83: https://i.postimg.cc/3r2DYHV7/24-01-29.png
D84: =IF(J84 <> "", IMAGE(J84), "-") | E84: [5th Anniversary Heartfelt Thanks] #1 Extreme Bounty Festival | F84: =date(2024,1,24) -> 45315 | G84: New Extreme Anniversary | J84: https://i.postimg.cc/13vq2cTq/24-01-24.png
D85: =IF(J85 <> "", IMAGE(J85), "-") | E85: [5th Anniversary] #3 Extreme Bounty Festival | F85: =date(2024,1,18) -> 45309 | G85: Extreme Rerun Anniversary | J85: https://i.postimg.cc/VstXvtSx/24-01-18.png
D86: =IF(J86 <> "", IMAGE(J86), "-") | E86: [2024 New Year`s] #2 Scout | F86: =date(2024,1,15) -> 45306 | J86: https://i.postimg.cc/4NCbQPk4/24-01-15.png
D87: =IF(J87 <> "", IMAGE(J87), "-") | E87: [5th Anniversary] #2 Extreme Bounty Festival | F87: =date(2024,1,10) -> 45301 | G87: Extreme Rerun | J87: https://i.postimg.cc/sXv9w0gx/24-01-10.png
D88: =IF(J88 <> "", IMAGE(J88), "-") | E88: [2024 New Year`s] #1 Scout | F88: =date(2024,1,5) -> 45296 | J88: https://i.postimg.cc/Vs24H1M8/24-01-05.png
D89: =IF(J89 <> "", IMAGE(J89), "-") | E89: [2024 New Year`s] Free Once Daily x10 Scout | F89: =date(2024,1,1) -> 45292 | J89: https://i.postimg.cc/HkD5bkMr/24-01-01-2.png
D90: =IF(J90 <> "", IMAGE(J90), "-") | E90: [5th Anniversary] Extreme Bounty Festival | F90: =date(2024,1,1) -> 45292 | G90: New Extreme Anniversary | J90: https://i.postimg.cc/j5dyC37v/24-01-01-1.png
D91: 2023
D92: December - 2023
D93: =IF(J93 <> "", IMAGE(J93), "-") | E93: [2023 Final] Scout | F93: =date(2023,12,28) -> 45288 | J93: https://i.postimg.cc/sDB9pL0N/23-12-28.png
D94: =IF(J94 <> "", IMAGE(J94), "-") | E94: [120 Million Downloads Celebration] #2 Extreme Bounty Festival | F94: =date(2023,12,26) -> 45286 | G94: Extreme Rerun Downloads Celebration | J94: https://i.postimg.cc/0N1f5CnH/23-12-26.png
D95: =IF(J95 <> "", IMAGE(J95), "-") | E95: [Defender] Featured Scout | F95: =date(2023,12,22) -> 45282 | J95: https://i.postimg.cc/MTxd5Yjj/23-12-22.png
D96: =IF(J96 <> "", IMAGE(J96), "-") | E96: [Land of Wano Climax] Bounty Festival | F96: =date(2023,12,20) -> 45280 | G96: New Bounty Festival | J96: https://i.postimg.cc/52Y72yVj/23-12-20.png
D97: =IF(J97 <> "", IMAGE(J97), "-") | E97: [2023 Happy Holiday] Scout | F97: =date(2023,12,15) -> 45275 | J97: https://i.postimg.cc/bwW5xbTQ/23-12-15.png
D98: =IF(J98 <> "", IMAGE(J98), "-") | E98: [Land of Wano] Scout | F98: =date(2023,12,12) -> 45272 | G98: New Step Up | J98: https://i.postimg.cc/3rFzsk8T/23-12-12.png
D99: =IF(J99 <> "", IMAGE(J99), "-") | E99: [2023 Winter] #2 Scout | F99: =date(2023,12,7) -> 45267 | J99: https://i.postimg.cc/MpHkbz88/23-12-07.png
D100: =IF(J100 <> "", IMAGE(J100), "-") | E100: [120 Million Downloads Celebration] #1 Extreme Bounty Festival | F100: =date(2023,12,5) -> 45265 | G100: Extreme Rerun Downloads Celebration | J100: https://i.postimg.cc/q7tT04mG/23-12-05.png
...

Sheet Upgrade Costs V.2
C1: 2 STARS | X1: 3 STARS | AT1: 4 STARS
B2: Boost I | X2: Boost I | AT2: Boost I
B3: HP | F3: Boost Orb [HP I] | G3: 4 | I3: Boost Orb [HP I] | J3: 6 | L3: Boost Orb [HP I] | M3: 8 | X3: HP | AB3: Boost Orb [HP I] | AC3: 8 | AE3: Boost Orb [HP I] | AF3: I2 | AH3: Boost Orb [HP I] | AI3: I6 | AT3: HP | AX3: Boost Orb [HP I] | AY3: 20 | BA3: Boost Orb [HP I] | BB3: 30 | BD3: Boost Orb [HP I] | BE3: 40
F4: Bounty Coins | G4: 0.4K | I4: Bounty Coins | J4: 0.8K | L4: Bounty Coins | M4: I.6K | AB4: Bounty Coins | AC4: 0.8K | AE4: Bounty Coins | AF4: I.6K | AH4: Bounty Coins | AI4: 3.2K | AX4: Bounty Coins | AY4: 2K | BA4: Bounty Coins | BB4: 4K | BD4: Bounty Coins | BE4: 8K
B5: ATK | F5: Boost Orb [ATK I] | G5: 4 | I5: Boost Orb [ATK I] | J5: 6 | L5: Boost Orb [ATK I] | M5: 8 | O5: Boost Orb [Trait I] | P5: 3 | X5: ATK | AB5: Boost Orb [ATK I] | AC5: 8 | AE5: Boost Orb [ATK I] | AF5: I2 | AH5: Boost Orb [ATK I] | AI5: I6 | AK5: Boost Orb [Trait I] | AL5: 6 | AT5: ATK | AX5: Boost Orb [ATK I] | AY5: 20 | BA5: Boost Orb [ATK I] | BB5: 30 | BD5: Boost Orb [ATK I] | BE5: 40 | BG5: Boost Orb [Trait I] | BH5: 15
F6: Bounty Coins | G6: 0.4K | I6: Bounty Coins | J6: 0.8K | L6: Bounty Coins | M6: I.6K | O6: Bounty Coins | P6: 4K | AB6: Bounty Coins | AC6: 0.8K | AE6: Bounty Coins | AF6: I.6K | AH6: Bounty Coins | AI6: 3.2K | AK6: Bounty Coins | AL6: 8K | AX6: Bounty Coins | AY6: 2K | BA6: Bounty Coins | BB6: 4K | BD6: Bounty Coins | BE6: 8K | BG6: Bounty Coins | BH6: 20K
B7: DEF | F7: Boost Orb [DEF I] | G7: 4 | I7: Boost Orb [DEF I] | J7: 6 | L7: Boost Orb [DEF I] | M7: 8 | X7: DEF | AB7: Boost Orb [DEF I] | AC7: 8 | AE7: Boost Orb [DEF I] | AF7: I2 | AH7: Boost Orb [DEF I] | AI7: I6 | AT7: DEF | AX7: Boost Orb [DEF I] | AY7: 20 | BA7: Boost Orb [DEF I] | BB7: 30 | BD7: Boost Orb [DEF I] | BE7: 40
F8: Bounty Coins | G8: 0.4K | I8: Bounty Coins | J8: 0.8K | L8: Bounty Coins | M8: I.6K | AB8: Bounty Coins | AC8: 0.8K | AE8: Bounty Coins | AF8: I.6K | AH8: Bounty Coins | AI8: 3.2K | AX8: Bounty Coins | AY8: 2K | BA8: Bounty Coins | BB8: 4K | BD8: Bounty Coins | BE8: 8K
B9: TOTAL | X9: TOTAL | AT9: TOTAL
C10: Boost Orb [HP I] | D10: 18 | F10: Boost Orb [ATK I] | G10: 18 | I10: Boost Orb [DEF I] | J10: 18 | L10: Boost Orb [Trait I] | M10: 3 | O10: Bounty Coins | P10: 12.4K | Y10: Boost Orb [HP I] | Z10: 36 | AB10: Boost Orb [ATK I] | AC10: 36 | AE10: Boost Orb [DEF I] | AF10: 36 | AH10: Boost Orb [Trait I] | AI10: 6 | AK10: Bounty Coins | AL10: 24.8K | AU10: Boost Orb [HP I] | AV10: 90 | AX10: Boost Orb [ATK I] | AY10: 90 | BA10: Boost Orb [DEF I] | BB10: 90 | BD10: Boost Orb [Trait I] | BE10: 15 | BG10: Bounty Coins | BH10: 62K
B12: Boost II | X12: Boost II | AT12: Boost II
B13: HP | F13: Boost Orb [HP II] | G13: 4 | I13: Boost Orb [HP II] | J13: 6 | L13: Boost Orb [HP II] | M13: 8 | X13: HP | AB13: Boost Orb [HP II] | AC13: 8 | AE13: Boost Orb [HP II] | AF13: I2 | AH13: Boost Orb [HP II] | AI13: I6 | AT13: HP | AX13: Boost Orb [HP II] | AY13: 20 | BA13: Boost Orb [HP II] | BB13: 30 | BD13: Boost Orb [HP II] | BE13: 40
F14: Bounty Coins | G14: I.2K | I14: Bounty Coins | J14: 2.8K | L14: Bounty Coins | M14: 4.8K | AB14: Bounty Coins | AC14: 2.4K | AE14: Bounty Coins | AF14: 4.8K | AH14: Bounty Coins | AI14: 9.6K | AX14: Bounty Coins | AY14: 6K | BA14: Bounty Coins | BB14: 12K | BD14: Bounty Coins | BE14: 24K
B15: ATK | F15: Boost Orb [ATK II] | G15: 4 | I15: Boost Orb [ATK II] | J15: 6 | L15: Boost Orb [ATK II] | M15: 8 | O15: Boost Orb [Trait II] | P15: 3 | X15: ATK | AB15: Boost Orb [ATK II] | AC15: 8 | AE15: Boost Orb [ATK II] | AF15: I2 | AH15: Boost Orb [ATK II] | AI15: I6 | AK15: Boost Orb [Trait II] | AL15: 6 | AT15: ATK | AX15: Boost Orb [ATK II] | AY15: 20 | BA15: Boost Orb [ATK II] | BB15: 30 | BD15: Boost Orb [ATK II] | BE15: 40 | BG15: Boost Orb [Trait II] | BH15: 15
F16: Bounty Coins | G16: I.2K | I16: Bounty Coins | J16: 2.8K | L16: Bounty Coins | M16: 4.8K | O16: Bounty Coins | P16: I2K | AB16: Bounty Coins | AC16: 2.4K | AE16: Bounty Coins | AF16: 4.8K | AH16: Bounty Coins | AI16: 9.6K | AK16: Bounty Coins | AL16: 24K | AX16: Bounty Coins | AY16: 6K | BA16: Bounty Coins | BB16: 12K | BD16: Bounty Coins | BE16: 24K | BG16: Bounty Coins | BH16: 60K
B17: DEF | F17: Boost Orb [DEF II] | G17: 4 | I17: Boost Orb [DEF II] | J17: 6 | L17: Boost Orb [DEF II] | M17: 8 | X17: DEF | AB17: Boost Orb [DEF II] | AC17: 8 | AE17: Boost Orb [DEF II] | AF17: I2 | AH17: Boost Orb [DEF II] | AI17: I6 | AT17: DEF | AX17: Boost Orb [DEF II] | AY17: 20 | BA17: Boost Orb [DEF II] | BB17: 30 | BD17: Boost Orb [DEF II] | BE17: 40
F18: Bounty Coins | G18: I.2K | I18: Bounty Coins | J18: 2.8K | L18: Bounty Coins | M18: 4.8K | AB18: Bounty Coins | AC18: 2.4K | AE18: Bounty Coins | AF18: 4.8K | AH18: Bounty Coins | AI18: 9.6K | AX18: Bounty Coins | AY18: 6K | BA18: Bounty Coins | BB18: 12K | BD18: Bounty Coins | BE18: 24K
B19: TOTAL | X19: TOTAL | AT19: TOTAL
C20: Boost Orb [HP II] | D20: 18 | F20: Boost Orb [ATK II] | G20: 18 | I20: Boost Orb [DEF II] | J20: 18 | L20: Boost Orb [Trait II] | M20: 3 | O20: Bounty Coins | P20: 37.2K | Y20: Boost Orb [HP II] | Z20: 36 | AB20: Boost Orb [ATK II] | AC20: 36 | AE20: Boost Orb [DEF II] | AF20: 36 | AH20: Boost Orb [Trait II] | AI20: 6 | AK20: Bounty Coins | AL20: 74.4K | AU20: Boost Orb [HP II] | AV20: 90 | AX20: Boost Orb [ATK II] | AY20: 90 | BA20: Boost Orb [DEF II] | BB20: 90 | BD20: Boost Orb [Trait II] | BE20: 15 | BG20: Bounty Coins | BH20: 186K
B22: Hyper Boost I | X22: Hyper Boost I | AT22: Hyper Boost I
B23: HP | F23: Boost Orb [HP lll] | G23: 1 | I23: Boost Orb [HP lll] | J23: 2 | L23: Boost Orb [HP lll] | M23: 3 | O23: Boost Orb [HP lll] | P23: 4 | R23: Boost Orb [HP lll] | S23: 5 | X23: HP | AB23: Boost Orb [HP lll] | AC23: 2 | AE23: Boost Orb [HP lll] | AF23: 4 | AH23: Boost Orb [HP lll] | AI23: 6 | AK23: Boost Orb [HP lll] | AL23: 8 | AN23: Boost Orb [HP lll] | AO23: 10 | AT23: HP | AX23: Boost Orb [HP lll] | AY23: 10 | BA23: Boost Orb [HP lll] | BB23: 20 | BD23: Boost Orb [HP lll] | BE23: 30 | BG23: Boost Orb [HP lll] | BH23: 40 | BJ23: Boost Orb [HP lll] | BK23: 50
F24: Character Fragment | G24: 30 | I24: Character Fragment | J24: 60 | L24: Character Fragment | M24: 90 | O24: Character Fragment | P24: 120 | R24: Character Fragment | S24: 150 | AB24: Character Fragment | AC24: 30 | AE24: Character Fragment | AF24: 60 | AH24: Character Fragment | AI24: 90 | AK24: Character Fragment | AL24: 120 | AN24: Character Fragment | AO24: 150 | AX24: Special Boost Orb | AY24: 15 | BA24: Special Boost Orb | BB24: 30 | BD24: Special Boost Orb | BE24: 45 | BG24: Special Boost Orb | BH24: 60 | BJ24: Special Boost Orb | BK24: 75
AX25: Character Fragment | AY25: 30 | BA25: Character Fragment | BB25: 60 | BD25: Character Fragment | BE25: 90 | BG25: Character Fragment | BH25: 120 | BJ25: Character Fragment | BK25: 150
F26: Bounty Coins | G26: 3.6K | I26: Bounty Coins | J26: 4.2K | L26: Bounty Coins | M26: 4.8K | O26: Bounty Coins | P26: 5.4K | R26: Bounty Coins | S26: 6K | AB26: Bounty Coins | AC26: 5.4K | AE26: Bounty Coins | AF26: 6.3K | AH26: Bounty Coins | AI26: 7.2K | AK26: Bounty Coins | AL26: 8.1K | AN26: Bounty Coins | AO26: 9K | AX26: Bounty Coins | AY26: 15K | BA26: Bounty Coins | BB26: 17.5K | BD26: Bounty Coins | BE26: 20K | BG26: Bounty Coins | BH26: 22.5K | BJ26: Bounty Coins | BK26: 25K
B27: ATK | F27: Boost Orb [ATK III] | G27: 1 | I27: Boost Orb [ATK III] | J27: 2 | L27: Boost Orb [ATK III] | M27: 3 | O27: Boost Orb [ATK III] | P27: 4 | R27: Boost Orb [ATK III] | S27: 5 | U27: Special Boost Orb | V27: 25 | X27: ATK | AB27: Boost Orb [ATK III] | AC27: 2 | AE27: Boost Orb [ATK III] | AF27: 4 | AH27: Boost Orb [ATK III] | AI27: 6 | AK27: Boost Orb [ATK III] | AL27: 8 | AN27: Boost Orb [ATK III] | AO27: 10 | AQ27: Special Boost Orb | AR27: 50 | AT27: ATK | AX27: Boost Orb [ATK III] | AY27: 10 | BA27: Boost Orb [ATK III] | BB27: 20 | BD27: Boost Orb [ATK III] | BE27: 30 | BG27: Boost Orb [ATK III] | BH27: 40 | BJ27: Boost Orb [ATK III] | BK27: 50 | BM27: Special Boost Orb | BN27: 100
F28: Character Fragment | G28: 30 | I28: Character Fragment | J28: 60 | L28: Character Fragment | M28: 90 | O28: Character Fragment | P28: 120 | R28: Character Fragment | S28: 150 | U28: Character Fragment | V28: 500 | AB28: Character Fragment | AC28: 30 | AE28: Character Fragment | AF28: 60 | AH28: Character Fragment | AI28: 90 | AK28: Character Fragment | AL28: 120 | AN28: Character Fragment | AO28: 150 | AQ28: Character Fragment | AR28: 500 | AX28: Special Boost Orb | AY28: 15 | BA28: Special Boost Orb | BB28: 30 | BD28: Special Boost Orb | BE28: 45 | BG28: Special Boost Orb | BH28: 60 | BJ28: Special Boost Orb | BK28: 75 | BM28: Character Fragment | BN28: 500
AX29: Character Fragment | AY29: 30 | BA29: Character Fragment | BB29: 60 | BD29: Character Fragment | BE29: 90 | BG29: Character Fragment | BH29: 120 | BJ29: Character Fragment | BK29: 150
F30: Bounty Coins | G30: 3.6K | I30: Bounty Coins | J30: 4.2K | L30: Bounty Coins | M30: 4.8K | O30: Bounty Coins | P30: 5.4K | R30: Bounty Coins | S30: 6K | U30: Bounty Coins | V30: 12K | AB30: Bounty Coins | AC30: 5.4K | AE30: Bounty Coins | AF30: 6.3K | AH30: Bounty Coins | AI30: 7.2K | AK30: Bounty Coins | AL30: 8.1K | AN30: Bounty Coins | AO30: 9K | AQ30: Bounty Coins | AR30: 24K | AX30: Bounty Coins | AY30: 15K | BA30: Bounty Coins | BB30: 17.5K | BD30: Bounty Coins | BE30: 20K | BG30: Bounty Coins | BH30: 22.5K | BJ30: Bounty Coins | BK30: 25K | BM30: Bounty Coins | BN30: 50K
B31: DEF | F31: Boost Orb [DEF III] | G31: 1 | I31: Boost Orb [DEF III] | J31: 2 | L31: Boost Orb [DEF III] | M31: 3 | O31: Boost Orb [DEF III] | P31: 4 | R31: Boost Orb [DEF III] | S31: 5 | X31: DEF | AB31: Boost Orb [DEF III] | AC31: 2 | AE31: Boost Orb [DEF III] | AF31: 2 | AH31: Boost Orb [DEF III] | AI31: 6 | AK31: Boost Orb [DEF III] | AL31: 8 | AN31: Boost Orb [DEF III] | AO31: 10 | AT31: DEF | AX31: Boost Orb [DEF III] | AY31: 10 | BA31: Boost Orb [DEF III] | BB31: 20 | BD31: Boost Orb [DEF III] | BE31: 30 | BG31: Boost Orb [DEF III] | BH31: 40 | BJ31: Boost Orb [DEF III] | BK31: 50
F32: Character Fragment | G32: 30 | I32: Character Fragment | J32: 60 | L32: Character Fragment | M32: 90 | O32: Character Fragment | P32: 120 | R32: Character Fragment | S32: 150 | AB32: Character Fragment | AC32: 30 | AE32: Character Fragment | AF32: 60 | AH32: Character Fragment | AI32: 90 | AK32: Character Fragment | AL32: 120 | AN32: Character Fragment | AO32: 150 | AX32: Special Boost Orb | AY32: 15 | BA32: Special Boost Orb | BB32: 30 | BD32: Special Boost Orb | BE32: 45 | BG32: Special Boost Orb | BH32: 60 | BJ32: Special Boost Orb | BK32: 75
AX33: Character Fragment | AY33: 30 | BA33: Character Fragment | BB33: 60 | BD33: Character Fragment | BE33: 90 | BG33: Character Fragment | BH33: 120 | BJ33: Character Fragment | BK33: 150
F34: Bounty Coins | G34: 3.6K | I34: Bounty Coins | J34: 4.2K | L34: Bounty Coins | M34: 4.8K | O34: Bounty Coins | P34: 5.4K | R34: Bounty Coins | S34: 6K | AB34: Bounty Coins | AC34: 5.4K | AE34: Bounty Coins | AF34: 4.2K | AH34: Bounty Coins | AI34: 7.2K | AK34: Bounty Coins | AL34: 8.1K | AN34: Bounty Coins | AO34: 9K | AX34: Bounty Coins | AY34: 15K | BA34: Bounty Coins | BB34: 17.5K | BD34: Bounty Coins | BE34: 20K | BG34: Bounty Coins | BH34: 22.5K | BJ34: Bounty Coins | BK34: 25K
B35: TOTAL | X35: TOTAL | AT35: TOTAL
C36: Boost Orb [HP III] | D36: 15 | F36: Boost Orb [ATK III] | G36: 15 | I36: Boost Orb [DEF III] | J36: 15 | L36: Character Fragment | M36: 1850 | O36: Special Boost Orb | P36: 25 | R36: Bounty Coins | S36: 84K | Y36: Boost Orb [HP III] | Z36: 30 | AB36: Boost Orb [ATK III] | AC36: 30 | AE36: Boost Orb [DEF III] | AF36: 30 | AH36: Character Fragment | AI36: 1850 | AK36: Special Boost Orb | AL36: 50 | AN36: Bounty Coins | AO36: 132K | AU36: Boost Orb [HP III] | AV36: 150 | AX36: Boost Orb [ATK III] | AY36: 150 | BA36: Boost Orb [DEF III] | BB36: 150 | BD36: Character Fragment | BE36: 1850 | BG36: Special Boost Orb | BH36: 775 | BJ36: Bounty Coins | BK36: 350K
B38: Hyper Boost II | X38: Hyper Boost II | AT38: Hyper Boost II
B39: HP | F39: Boost Orb [HP lll] | G39: 6 | I39: Boost Orb [HP lll] | J39: 7 | L39: Boost Orb [HP lll] | M39: 8 | O39: Boost Orb [HP lll] | P39: 9 | R39: Boost Orb [HP lll] | S39: 10 | X39: HP | AB39: Boost Orb [HP lll] | AC39: 12 | AE39: Boost Orb [HP lll] | AF39: 14 | AH39: Boost Orb [HP lll] | AI39: 16 | AK39: Boost Orb [HP lll] | AL39: 18 | AN39: Boost Orb [HP lll] | AO39: 20 | AT39: HP | AX39: Boost Orb [HP lll] | AY39: 60 | BA39: Boost Orb [HP lll] | BB39: 70 | BD39: Boost Orb [HP lll] | BE39: 80 | BG39: Boost Orb [HP lll] | BH39: 90 | BJ39: Boost Orb [HP lll] | BK39: 100
F40: Character Orb | G40: 1 | I40: Character Orb | J40: 1 | L40: Character Orb | M40: 1 | O40: Character Orb | P40: 1 | R40: Character Orb | S40: 1 | AB40: Character Orb | AC40: 1 | AE40: Character Orb | AF40: 1 | AH40: Character Orb | AI40: 1 | AK40: Character Orb | AL40: 1 | AN40: Character Orb | AO40: 1 | AX40: Special Boost Orb | AY40: 120 | BA40: Special Boost Orb | BB40: 140 | BD40: Special Boost Orb | BE40: 160 | BG40: Special Boost Orb | BH40: 180 | BJ40: Special Boost Orb | BK40: 200
AX41: Character Orb | AY41: 10 | BA41: Character Orb | BB41: 10 | BD41: Character Orb | BE41: 10 | BG41: Character Orb | BH41: 10 | BJ41: Character Orb | BK41: 10
F42: Bounty Coins | G42: 6.6K | I42: Bounty Coins | J42: 7.2K | L42: Bounty Coins | M42: 7.8K | O42: Bounty Coins | P42: 8.4K | R42: Bounty Coins | S42: 9K | AB42: Bounty Coins | AC42: 9.9K | AE42: Bounty Coins | AF42: 10.8K | AH42: Bounty Coins | AI42: 11.7K | AK42: Bounty Coins | AL42: 12.6K | AN42: Bounty Coins | AO42: 13.5K | AX42: Bounty Coins | AY42: 15K | BA42: Bounty Coins | BB42: 17.5K | BD42: Bounty Coins | BE42: 20K | BG42: Bounty Coins | BH42: 22.5K | BJ42: Bounty Coins | BK42: 25K
B43: ATK | F43: Boost Orb [ATK III] | G43: 6 | I43: Boost Orb [ATK III] | J43: 7 | L43: Boost Orb [ATK III] | M43: 8 | O43: Boost Orb [ATK III] | P43: 9 | R43: Boost Orb [ATK III] | S43: 10 | U43: Special Boost Orb | V43: 50 | X43: ATK | AB43: Boost Orb [ATK III] | AC43: 12 | AE43: Boost Orb [ATK III] | AF43: 14 | AH43: Boost Orb [ATK III] | AI43: 16 | AK43: Boost Orb [ATK III] | AL43: 18 | AN43: Boost Orb [ATK III] | AO43: 20 | AQ43: Special Boost Orb | AR43: 100 | AT43: ATK | AX43: Boost Orb [ATK III] | AY43: 10 | BA43: Boost Orb [ATK III] | BB43: 20 | BD43: Boost Orb [ATK III] | BE43: 30 | BG43: Boost Orb [ATK III] | BH43: 40 | BJ43: Boost Orb [ATK III] | BK43: 50 | BM43: Special Boost Orb | BN43: 300
F44: Character Orb | G44: 1 | I44: Character Orb | J44: 1 | L44: Character Orb | M44: 1 | O44: Character Orb | P44: 1 | R44: Character Orb | S44: 1 | U44: Character Fragment | V44: 5 | AB44: Character Orb | AC44: 1 | AE44: Character Orb | AF44: 1 | AH44: Character Orb | AI44: 1 | AK44: Character Orb | AL44: 1 | AN44: Character Orb | AO44: 1 | AQ44: Character Orb | AR44: 10 | AX44: Special Boost Orb | AY44: 15 | BA44: Special Boost Orb | BB44: 30 | BD44: Special Boost Orb | BE44: 45 | BG44: Special Boost Orb | BH44: 60 | BJ44: Special Boost Orb | BK44: 75 | BM44: Character Orb | BN44: 50
AX45: Character Orb | AY45: 10 | BA45: Character Orb | BB45: 10 | BD45: Character Orb | BE45: 10 | BG45: Character Orb | BH45: 10 | BJ45: Character Orb | BK45: 10
F46: Bounty Coins | G46: 6.6K | I46: Bounty Coins | J46: 7.2K | L46: Bounty Coins | M46: 7.8K | O46: Bounty Coins | P46: 8.4K | R46: Bounty Coins | S46: 9K | U46: Bounty Coins | V46: 18K | AB46: Bounty Coins | AC46: 9.9K | AE46: Bounty Coins | AF46: 10.8K | AH46: Bounty Coins | AI46: 11.7K | AK46: Bounty Coins | AL46: 12.6K | AN46: Bounty Coins | AO46: 13.5K | AQ46: Bounty Coins | AR46: 27K | AX46: Bounty Coins | AY46: 15K | BA46: Bounty Coins | BB46: 17.5K | BD46: Bounty Coins | BE46: 20K | BG46: Bounty Coins | BH46: 22.5K | BJ46: Bounty Coins | BK46: 25K | BM46: Bounty Coins | BN46: 100K
B47: DEF | F47: Boost Orb [DEF III] | G47: 6 | I47: Boost Orb [DEF III] | J47: 7 | L47: Boost Orb [DEF III] | M47: 8 | O47: Boost Orb [DEF III] | P47: 9 | R47: Boost Orb [DEF III] | S47: 10 | X47: DEF | AB47: Boost Orb [DEF III] | AC47: 12 | AE47: Boost Orb [DEF III] | AF47: 14 | AH47: Boost Orb [DEF III] | AI47: 16 | AK47: Boost Orb [DEF III] | AL47: 18 | AN47: Boost Orb [DEF III] | AO47: 20 | AT47: DEF | AX47: Boost Orb [DEF III] | AY47: 10 | BA47: Boost Orb [DEF III] | BB47: 20 | BD47: Boost Orb [DEF III] | BE47: 30 | BG47: Boost Orb [DEF III] | BH47: 40 | BJ47: Boost Orb [DEF III] | BK47: 50
F48: Character Orb | G48: 1 | I48: Character Orb | J48: 1 | L48: Character Orb | M48: 1 | O48: Character Orb | P48: 1 | R48: Character Orb | S48: 1 | AB48: Character Orb | AC48: 1 | AE48: Character Orb | AF48: 1 | AH48: Character Orb | AI48: 1 | AK48: Character Orb | AL48: 1 | AN48: Character Orb | AO48: 1 | AX48: Special Boost Orb | AY48: 15 | BA48: Special Boost Orb | BB48: 30 | BD48: Special Boost Orb | BE48: 45 | BG48: Special Boost Orb | BH48: 60 | BJ48: Special Boost Orb | BK48: 75
AX49: Character Orb | AY49: 10 | BA49: Character Orb | BB49: 10 | BD49: Character Orb | BE49: 10 | BG49: Character Orb | BH49: 10 | BJ49: Character Orb | BK49: 10
F50: Bounty Coins | G50: 6.6K | I50: Bounty Coins | J50: 7.2K | L50: Bounty Coins | M50: 7.8K | O50: Bounty Coins | P50: 8.4K | R50: Bounty Coins | S50: 9K | AB50: Bounty Coins | AC50: 9.9K | AE50: Bounty Coins | AF50: 10.8K | AH50: Bounty Coins | AI50: 11.7K | AK50: Bounty Coins | AL50: 12.6K | AN50: Bounty Coins | AO50: 13.5K | AX50: Bounty Coins | AY50: 15K | BA50: Bounty Coins | BB50: 17.5K | BD50: Bounty Coins | BE50: 20K | BG50: Bounty Coins | BH50: 22.5K | BJ50: Bounty Coins | BK50: 25K
B51: TOTAL | X51: TOTAL | AT51: TOTAL
C52: Boost Orb [HP III] | D52: 40 | F52: Boost Orb [ATK III] | G52: 40 | I52: Boost Orb [DEF III] | J52: 40 | L52: Character Orb | M52: 20 | O52: Special Boost Orb | P52: 50 | R52: Bounty Coins | S52: 135K | Y52: Boost Orb [HP III] | Z52: 80 | AB52: Boost Orb [ATK III] | AC52: 80 | AE52: Boost Orb [DEF III] | AF52: 80 | AH52: Character Orb | AI52: 40 | AK52: Special Boost Orb | AL52: 100 | AN52: Bounty Coins | AO52: 202.5K | AU52: Boost Orb [HP III] | AV52: 200 | AX52: Boost Orb [ATK III] | AY52: 200 | BA52: Boost Orb [DEF III] | BB52: 200 | BD52: Character Orb | BE52: 200 | BG52: Special Boost Orb | BH52: 2700 | BJ52: Bounty Coins | BK52: 700K
E54: Skills | AA54: Skills | AW54: Skills
E55: Skill 1 | N55: Skill 2 | AA55: Skill 1 | AJ55: Skill 2 | AW55: Skill 1 | BF55: Skill 2
E56: Level 2 | I56: Skill Orb 1 [Attacker-Defender Runner] | J56: 5 | N56: Level 2 | R56: Skill Orb 1 [Attacker-Defender Runner] | S56: 5 | AA56: Level 2 | AE56: Skill Orb 1 [Attacker-Defender Runner] | AF56: 10 | AJ56: Level 2 | AN56: Skill Orb 1 [Attacker-Defender Runner] | AO56: 10 | AW56: Level 2 | BA56: Skill Orb 1 [Attacker-Defender Runner] | BB56: 20 | BF56: Level 2 | BJ56: Skill Orb 1 [Attacker-Defender Runner] | BK56: 20
I59: Skill Orb 1 [Red -Blue-Green] | J59: 5 | R59: Skill Orb 1 [Red -Blue-Green] | S59: 5 | AE59: Skill Orb 1 [Red -Blue-Green] | AF59: 10 | AN59: Skill Orb 1 [Red -Blue-Green] | AO59: 10 | BA59: Skill Orb 1 [Red -Blue-Green] | BB59: 20 | BJ59: Skill Orb 1 [Red -Blue-Green] | BK59: 20
I62: Bounty Coins | J62: 0.5K | R62: Bounty Coins | S62: 0.5K | AE62: Bounty Coins | AF62: 1K | AN62: Bounty Coins | AO62: 1K | BA62: Bounty Coins | BB62: 2K | BJ62: Bounty Coins | BK62: 2K
E64: Level 3 | I64: Skill Orb 1 [Attacker-Defender Runner] | J64: 10 | N64: Level 3 | R64: Skill Orb 1 [Attacker-Defender Runner] | S64: 10 | AA64: Level 3 | AE64: Skill Orb 1 [Attacker-Defender Runner] | AF64: 15 | AJ64: Level 3 | AN64: Skill Orb 1 [Attacker-Defender Runner] | AO64: 15 | AW64: Level 3 | BA64: Skill Orb 1 [Attacker-Defender Runner] | BB64: 30 | BF64: Level 3 | BJ64: Skill Orb 1 [Attacker-Defender Runner] | BK64: 30
I67: Skill Orb 1 [Red -Blue-Green] | J67: 10 | R67: Skill Orb 1 [Red -Blue-Green] | S67: 10 | AE67: Skill Orb 1 [Red -Blue-Green] | AF67: 15 | AN67: Skill Orb 1 [Red -Blue-Green] | AO67: 15 | BA67: Skill Orb 1 [Red -Blue-Green] | BB67: 30 | BJ67: Skill Orb 1 [Red -Blue-Green] | BK67: 30
I70: Skill Orb 2 [Attacker-Defender Runner] | J70: 1 | R70: Skill Orb 2 [Attacker-Defender Runner] | S70: 1 | AE70: Skill Orb 2 [Attacker-Defender Runner] | AF70: 5 | AN70: Skill Orb 2 [Attacker-Defender Runner] | AO70: 5 | BA70: Skill Orb 2 [Attacker-Defender Runner] | BB70: 10 | BJ70: Skill Orb 2 [Attacker-Defender Runner] | BK70: 10
I73: Skill Orb 2 [Red -Blue-Green] | J73: 1 | R73: Skill Orb 2 [Red -Blue-Green] | S73: 1 | AE73: Skill Orb 2 [Red -Blue-Green] | AF73: 5 | AN73: Skill Orb 2 [Red -Blue-Green] | AO73: 5 | BA73: Skill Orb 2 [Red -Blue-Green] | BB73: 10 | BJ73: Skill Orb 2 [Red -Blue-Green] | BK73: 10
I76: Bounty Coins | J76: 1K | R76: Bounty Coins | S76: 1K | AE76: Bounty Coins | AF76: 2K | AN76: Bounty Coins | AO76: 2K | BA76: Bounty Coins | BB76: 4K | BJ76: Bounty Coins | BK76: 4K
E78: Level 4 | I78: Skill Orb 1 [Attacker-Defender Runner] | J78: 15 | N78: Level 4 | R78: Skill Orb 1 [Attacker-Defender Runner] | S78: 15 | AA78: Level 4 | AE78: Skill Orb 1 [Attacker-Defender Runner] | AF78: 20 | AJ78: Level 4 | AN78: Skill Orb 1 [Attacker-Defender Runner] | AO78: 20 | AW78: Level 4 | BA78: Skill Orb 1 [Attacker-Defender Runner] | BB78: 40 | BF78: Level 4 | BJ78: Skill Orb 1 [Attacker-Defender Runner] | BK78: 40
I81: Skill Orb 1 [Red -Blue-Green] | J81: 15 | R81: Skill Orb 1 [Red -Blue-Green] | S81: 15 | AE81: Skill Orb 1 [Red -Blue-Green] | AF81: 20 | AN81: Skill Orb 1 [Red -Blue-Green] | AO81: 20 | BA81: Skill Orb 1 [Red -Blue-Green] | BB81: 40 | BJ81: Skill Orb 1 [Red -Blue-Green] | BK81: 40
I84: Skill Orb 2 [Attacker-Defender Runner] | J84: 3 | R84: Skill Orb 2 [Attacker-Defender Runner] | S84: 3 | AE84: Skill Orb 2 [Attacker-Defender Runner] | AF84: 10 | AN84: Skill Orb 2 [Attacker-Defender Runner] | AO84: 10 | BA84: Skill Orb 2 [Attacker-Defender Runner] | BB84: 20 | BJ84: Skill Orb 2 [Attacker-Defender Runner] | BK84: 20
I87: Skill Orb 2 [Red -Blue-Green] | J87: 3 | R87: Skill Orb 2 [Red -Blue-Green] | S87: 3 | AE87: Skill Orb 2 [Red -Blue-Green] | AF87: 10 | AN87: Skill Orb 2 [Red -Blue-Green] | AO87: 10 | BA87: Skill Orb 2 [Red -Blue-Green] | BB87: 20 | BJ87: Skill Orb 2 [Red -Blue-Green] | BK87: 20
I90: Bounty Coins | J90: 2K | R90: Bounty Coins | S90: 2K | AE90: Bounty Coins | AF90: 4K | AN90: Bounty Coins | AO90: 4K | BA90: Bounty Coins | BB90: 8K | BJ90: Bounty Coins | BK90: 8K
E92: Level 5 | I92: Skill Orb 2 [Attacker-Defender Runner] | J92: 3 | N92: Level 5 | R92: Skill Orb 2 [Attacker-Defender Runner] | S92: 3 | AA92: Level 5 | AE92: Skill Orb 2 [Attacker-Defender Runner] | AF92: 15 | AJ92: Level 5 | AN92: Skill Orb 2 [Attacker-Defender Runner] | AO92: 15 | AW92: Level 5 | BA92: Skill Orb 2 [Attacker-Defender Runner] | BB92: 30 | BF92: Level 5 | BJ92: Skill Orb 2 [Attacker-Defender Runner] | BK92: 30
I95: Skill Orb 2 [Red -Blue-Green] | J95: 3 | R95: Skill Orb 2 [Red -Blue-Green] | S95: 3 | AE95: Skill Orb 2 [Red -Blue-Green] | AF95: 15 | AN95: Skill Orb 2 [Red -Blue-Green] | AO95: 15 | BA95: Skill Orb 2 [Red -Blue-Green] | BB95: 30 | BJ95: Skill Orb 2 [Red -Blue-Green] | BK95: 30
I98: Special Skill Orb | J98: 1 | R98: Special Skill Orb | S98: 1 | AE98: Special Skill Orb | AF98: 5 | AN98: Special Skill Orb | AO98: 5 | BA98: Special Skill Orb | BB98: 10 | BJ98: Special Skill Orb | BK98: 10
I99: Bounty Coins | J99: 4K | R99: Bounty Coins | S99: 4K | AE99: Bounty Coins | AF99: 8K | AN99: Bounty Coins | AO99: 8K | BA99: Bounty Coins | BB99: 16K | BJ99: Bounty Coins | BK99: 16K
E100: Total | AA100: Total | AW100: Total
I101: Skill Orb 1 [Attacker-Defender Runner] | J101: 60 | L101: Skill Orb 2 [Attacker-Defender Runner] | M101: 18 | O101: Special Skill Orb | P101: 2 | AE101: Skill Orb 1 [Attacker-Defender Runner] | AF101: 90 | AH101: Skill Orb 2 [Attacker-Defender Runner] | AI101: 60 | AK101: Special Skill Orb | AL101: 10 | BA101: Skill Orb 1 [Attacker-Defender Runner] | BB101: 180 | BD101: Skill Orb 2 [Attacker-Defender Runner] | BE101: 120 | BG101: Special Skill Orb | BH101: 20
I104: Skill Orb 1 [Red -Blue-Green] | J104: 60 | L104: Skill Orb 2 [Red -Blue-Green] | M104: 18 | O104: Bounty Coins | P104: 15K | AE104: Skill Orb 1 [Red -Blue-Green] | AF104: 90 | AH104: Skill Orb 2 [Red -Blue-Green] | AI104: 60 | AK104: Bounty Coins | AL104: 30K | BA104: Skill Orb 1 [Red -Blue-Green] | BB104: 180 | BD104: Skill Orb 2 [Red -Blue-Green] | BE104: 120 | BG104: Bounty Coins | BH104: 60K

Sheet Changlog
B2: 46049 | C2: Characters Database | D2: Added Character "The Four Emperors - Marshall D. Teach"
B4: 46048 | C4: Bounty Colors | D4: Added Bounty Colors (A, B, C, D) for "The Four Emperors - Marshall D. Teach" Added Bounty Colors (A, B, C, D) for "ASL - Ace & Sabo & Luffy"
B6: 46023 | C6: Characters Database | D6: Added Character "ASL - Ace & Sabo & Luffy"
C7: Bounty Colors | D7: Added Bounty Colors (A, B, C) for "Winner Island - Trafalgar Law" Added Bounty Colors (A, B, C) for "Winner Island - Bepo"
B9: 46009 | C9: Characters Database | D9: Added Character "Winner Island - Trafalgar Law"
B11: 46000 | C11: Characters Database | D11: Added Character "Winner Island - Bepo"
B13: 45986 | C13: Characters Database | D13: Added Character "Father and Daughter - Kuma & Bonney" Added Character "Genius Scientist - Vegapunk"
C14: Bounty Colors | D14: Added Bounty Colors (A, B, C) for "Father and Daughter - Kuma & Bonney" Added Bounty Colors (A, B, C) for "Genius Scientist - Vegapunk" Added Bounty Colors (B) for "Daimyo of Kuri - Kozuki Oden"
B16: 45959 | C16: Characters Database | D16: Added Character "Egghead - Franky" Added Character "Egghead - Jinbe"
